Image,Model,Conf,GT_Count,Pred_Count,TP,FP,FN,TN,Actual_Positive,Predicted_Positive,Evaluation_Source,Accuracy,Precision,Recall,F1
IMG_1781_jpg.rf.f54c24328cce2133462ba22b53ae3af9.jpg,YOLOv8n,0.25,0,0,0,0,0,1,False,False,val_dataset_root,1.0,0.0,0.0,0.0
IMG_1781_jpg.rf.f54c24328cce2133462ba22b53ae3af9.jpg,YOLOv9c,0.25,0,0,0,0,0,1,False,False,val_dataset_root,1.0,0.0,0.0,0.0
IMG_1781_jpg.rf.f54c24328cce2133462ba22b53ae3af9.jpg,YOLOv11,0.25,0,0,0,0,0,1,False,False,val_dataset_root,1.0,0.0,0.0,0.0
IMG_1781_jpg.rf.f54c24328cce2133462ba22b53ae3af9.jpg,YOLOv12n,0.25,0,0,0,0,0,1,False,False,val_dataset_root,1.0,0.0,0.0,0.0
IMG_1781_jpg.rf.f54c24328cce2133462ba22b53ae3af9.jpg,YOLOv8-FPN,0.25,0,0,0,0,0,1,False,False,val_dataset_root,1.0,0.0,0.0,0.0
IMG_1781_jpg.rf.f54c24328cce2133462ba22b53ae3af9.jpg,YOLOv8n,0.5,0,0,0,0,0,1,False,False,val_dataset_root,1.0,0.0,0.0,0.0
IMG_1781_jpg.rf.f54c24328cce2133462ba22b53ae3af9.jpg,YOLOv9c,0.5,0,0,0,0,0,1,False,False,val_dataset_root,1.0,0.0,0.0,0.0
IMG_1781_jpg.rf.f54c24328cce2133462ba22b53ae3af9.jpg,YOLOv11,0.5,0,0,0,0,0,1,False,False,val_dataset_root,1.0,0.0,0.0,0.0
IMG_1781_jpg.rf.f54c24328cce2133462ba22b53ae3af9.jpg,YOLOv12n,0.5,0,0,0,0,0,1,False,False,val_dataset_root,1.0,0.0,0.0,0.0
IMG_1781_jpg.rf.f54c24328cce2133462ba22b53ae3af9.jpg,YOLOv8-FPN,0.5,0,0,0,0,0,1,False,False,val_dataset_root,1.0,0.0,0.0,0.0
IMG_1781_jpg.rf.f54c24328cce2133462ba22b53ae3af9.jpg,YOLOv8n,0.7,0,0,0,0,0,1,False,False,val_dataset_root,1.0,0.0,0.0,0.0
IMG_1781_jpg.rf.f54c24328cce2133462ba22b53ae3af9.jpg,YOLOv9c,0.7,0,0,0,0,0,1,False,False,val_dataset_root,1.0,0.0,0.0,0.0
IMG_1781_jpg.rf.f54c24328cce2133462ba22b53ae3af9.jpg,YOLOv11,0.7,0,0,0,0,0,1,False,False,val_dataset_root,1.0,0.0,0.0,0.0
IMG_1781_jpg.rf.f54c24328cce2133462ba22b53ae3af9.jpg,YOLOv12n,0.7,0,0,0,0,0,1,False,False,val_dataset_root,1.0,0.0,0.0,0.0
IMG_1781_jpg.rf.f54c24328cce2133462ba22b53ae3af9.jpg,YOLOv8-FPN,0.7,0,0,0,0,0,1,False,False,val_dataset_root,1.0,0.0,0.0,0.0
IMG_1784_jpg.rf.d5b6b15009fb6615a1c8e1173c3a6ab0.jpg,YOLOv8n,0.25,0,0,0,0,0,1,False,False,val_dataset_root,1.0,0.0,0.0,0.0
IMG_1784_jpg.rf.d5b6b15009fb6615a1c8e1173c3a6ab0.jpg,YOLOv9c,0.25,0,0,0,0,0,1,False,False,val_dataset_root,1.0,0.0,0.0,0.0
IMG_1784_jpg.rf.d5b6b15009fb6615a1c8e1173c3a6ab0.jpg,YOLOv11,0.25,0,0,0,0,0,1,False,False,val_dataset_root,1.0,0.0,0.0,0.0
IMG_1784_jpg.rf.d5b6b15009fb6615a1c8e1173c3a6ab0.jpg,YOLOv12n,0.25,0,0,0,0,0,1,False,False,val_dataset_root,1.0,0.0,0.0,0.0
IMG_1784_jpg.rf.d5b6b15009fb6615a1c8e1173c3a6ab0.jpg,YOLOv8-FPN,0.25,0,0,0,0,0,1,False,False,val_dataset_root,1.0,0.0,0.0,0.0
IMG_1784_jpg.rf.d5b6b15009fb6615a1c8e1173c3a6ab0.jpg,YOLOv8n,0.5,0,0,0,0,0,1,False,False,val_dataset_root,1.0,0.0,0.0,0.0
IMG_1784_jpg.rf.d5b6b15009fb6615a1c8e1173c3a6ab0.jpg,YOLOv9c,0.5,0,0,0,0,0,1,False,False,val_dataset_root,1.0,0.0,0.0,0.0
IMG_1784_jpg.rf.d5b6b15009fb6615a1c8e1173c3a6ab0.jpg,YOLOv11,0.5,0,0,0,0,0,1,False,False,val_dataset_root,1.0,0.0,0.0,0.0
IMG_1784_jpg.rf.d5b6b15009fb6615a1c8e1173c3a6ab0.jpg,YOLOv12n,0.5,0,0,0,0,0,1,False,False,val_dataset_root,1.0,0.0,0.0,0.0
IMG_1784_jpg.rf.d5b6b15009fb6615a1c8e1173c3a6ab0.jpg,YOLOv8-FPN,0.5,0,0,0,0,0,1,False,False,val_dataset_root,1.0,0.0,0.0,0.0
IMG_1784_jpg.rf.d5b6b15009fb6615a1c8e1173c3a6ab0.jpg,YOLOv8n,0.7,0,0,0,0,0,1,False,False,val_dataset_root,1.0,0.0,0.0,0.0
IMG_1784_jpg.rf.d5b6b15009fb6615a1c8e1173c3a6ab0.jpg,YOLOv9c,0.7,0,0,0,0,0,1,False,False,val_dataset_root,1.0,0.0,0.0,0.0
IMG_1784_jpg.rf.d5b6b15009fb6615a1c8e1173c3a6ab0.jpg,YOLOv11,0.7,0,0,0,0,0,1,False,False,val_dataset_root,1.0,0.0,0.0,0.0
IMG_1784_jpg.rf.d5b6b15009fb6615a1c8e1173c3a6ab0.jpg,YOLOv12n,0.7,0,0,0,0,0,1,False,False,val_dataset_root,1.0,0.0,0.0,0.0
IMG_1784_jpg.rf.d5b6b15009fb6615a1c8e1173c3a6ab0.jpg,YOLOv8-FPN,0.7,0,0,0,0,0,1,False,False,val_dataset_root,1.0,0.0,0.0,0.0
00001242_png.rf.25fcfb49352a246abbc6a92f79f5665d.jpg,YOLOv8n,0.25,0,0,0,0,0,1,False,False,val_dataset_root,1.0,0.0,0.0,0.0
00001242_png.rf.25fcfb49352a246abbc6a92f79f5665d.jpg,YOLOv9c,0.25,0,1,0,1,0,0,False,True,val_dataset_root,0.0,0.0,0.0,0.0
00001242_png.rf.25fcfb49352a246abbc6a92f79f5665d.jpg,YOLOv11,0.25,0,0,0,0,0,1,False,False,val_dataset_root,1.0,0.0,0.0,0.0
00001242_png.rf.25fcfb49352a246abbc6a92f79f5665d.jpg,YOLOv12n,0.25,0,0,0,0,0,1,False,False,val_dataset_root,1.0,0.0,0.0,0.0
00001242_png.rf.25fcfb49352a246abbc6a92f79f5665d.jpg,YOLOv8-FPN,0.25,0,0,0,0,0,1,False,False,val_dataset_root,1.0,0.0,0.0,0.0
00001242_png.rf.25fcfb49352a246abbc6a92f79f5665d.jpg,YOLOv8n,0.5,0,0,0,0,0,1,False,False,val_dataset_root,1.0,0.0,0.0,0.0
00001242_png.rf.25fcfb49352a246abbc6a92f79f5665d.jpg,YOLOv9c,0.5,0,0,0,0,0,1,False,False,val_dataset_root,1.0,0.0,0.0,0.0
00001242_png.rf.25fcfb49352a246abbc6a92f79f5665d.jpg,YOLOv11,0.5,0,0,0,0,0,1,False,False,val_dataset_root,1.0,0.0,0.0,0.0
00001242_png.rf.25fcfb49352a246abbc6a92f79f5665d.jpg,YOLOv12n,0.5,0,0,0,0,0,1,False,False,val_dataset_root,1.0,0.0,0.0,0.0
00001242_png.rf.25fcfb49352a246abbc6a92f79f5665d.jpg,YOLOv8-FPN,0.5,0,0,0,0,0,1,False,False,val_dataset_root,1.0,0.0,0.0,0.0
00001242_png.rf.25fcfb49352a246abbc6a92f79f5665d.jpg,YOLOv8n,0.7,0,0,0,0,0,1,False,False,val_dataset_root,1.0,0.0,0.0,0.0
00001242_png.rf.25fcfb49352a246abbc6a92f79f5665d.jpg,YOLOv9c,0.7,0,0,0,0,0,1,False,False,val_dataset_root,1.0,0.0,0.0,0.0
00001242_png.rf.25fcfb49352a246abbc6a92f79f5665d.jpg,YOLOv11,0.7,0,0,0,0,0,1,False,False,val_dataset_root,1.0,0.0,0.0,0.0
00001242_png.rf.25fcfb49352a246abbc6a92f79f5665d.jpg,YOLOv12n,0.7,0,0,0,0,0,1,False,False,val_dataset_root,1.0,0.0,0.0,0.0
00001242_png.rf.25fcfb49352a246abbc6a92f79f5665d.jpg,YOLOv8-FPN,0.7,0,0,0,0,0,1,False,False,val_dataset_root,1.0,0.0,0.0,0.0
IMG_1787_jpg.rf.b4cb35dcbfc7f35c3f39f11a7ca7b54e.jpg,YOLOv8n,0.25,0,0,0,0,0,1,False,False,val_dataset_root,1.0,0.0,0.0,0.0
IMG_1787_jpg.rf.b4cb35dcbfc7f35c3f39f11a7ca7b54e.jpg,YOLOv9c,0.25,0,0,0,0,0,1,False,False,val_dataset_root,1.0,0.0,0.0,0.0
IMG_1787_jpg.rf.b4cb35dcbfc7f35c3f39f11a7ca7b54e.jpg,YOLOv11,0.25,0,0,0,0,0,1,False,False,val_dataset_root,1.0,0.0,0.0,0.0
IMG_1787_jpg.rf.b4cb35dcbfc7f35c3f39f11a7ca7b54e.jpg,YOLOv12n,0.25,0,0,0,0,0,1,False,False,val_dataset_root,1.0,0.0,0.0,0.0
IMG_1787_jpg.rf.b4cb35dcbfc7f35c3f39f11a7ca7b54e.jpg,YOLOv8-FPN,0.25,0,0,0,0,0,1,False,False,val_dataset_root,1.0,0.0,0.0,0.0
IMG_1787_jpg.rf.b4cb35dcbfc7f35c3f39f11a7ca7b54e.jpg,YOLOv8n,0.5,0,0,0,0,0,1,False,False,val_dataset_root,1.0,0.0,0.0,0.0
IMG_1787_jpg.rf.b4cb35dcbfc7f35c3f39f11a7ca7b54e.jpg,YOLOv9c,0.5,0,0,0,0,0,1,False,False,val_dataset_root,1.0,0.0,0.0,0.0
IMG_1787_jpg.rf.b4cb35dcbfc7f35c3f39f11a7ca7b54e.jpg,YOLOv11,0.5,0,0,0,0,0,1,False,False,val_dataset_root,1.0,0.0,0.0,0.0
IMG_1787_jpg.rf.b4cb35dcbfc7f35c3f39f11a7ca7b54e.jpg,YOLOv12n,0.5,0,0,0,0,0,1,False,False,val_dataset_root,1.0,0.0,0.0,0.0
IMG_1787_jpg.rf.b4cb35dcbfc7f35c3f39f11a7ca7b54e.jpg,YOLOv8-FPN,0.5,0,0,0,0,0,1,False,False,val_dataset_root,1.0,0.0,0.0,0.0
IMG_1787_jpg.rf.b4cb35dcbfc7f35c3f39f11a7ca7b54e.jpg,YOLOv8n,0.7,0,0,0,0,0,1,False,False,val_dataset_root,1.0,0.0,0.0,0.0
IMG_1787_jpg.rf.b4cb35dcbfc7f35c3f39f11a7ca7b54e.jpg,YOLOv9c,0.7,0,0,0,0,0,1,False,False,val_dataset_root,1.0,0.0,0.0,0.0
IMG_1787_jpg.rf.b4cb35dcbfc7f35c3f39f11a7ca7b54e.jpg,YOLOv11,0.7,0,0,0,0,0,1,False,False,val_dataset_root,1.0,0.0,0.0,0.0
IMG_1787_jpg.rf.b4cb35dcbfc7f35c3f39f11a7ca7b54e.jpg,YOLOv12n,0.7,0,0,0,0,0,1,False,False,val_dataset_root,1.0,0.0,0.0,0.0
IMG_1787_jpg.rf.b4cb35dcbfc7f35c3f39f11a7ca7b54e.jpg,YOLOv8-FPN,0.7,0,0,0,0,0,1,False,False,val_dataset_root,1.0,0.0,0.0,0.0
00001064_png.rf.0a254054ecc039103698722d493bb4ac.jpg,YOLOv8n,0.25,0,0,0,0,0,1,False,False,val_dataset_root,1.0,0.0,0.0,0.0
00001064_png.rf.0a254054ecc039103698722d493bb4ac.jpg,YOLOv9c,0.25,0,0,0,0,0,1,False,False,val_dataset_root,1.0,0.0,0.0,0.0
00001064_png.rf.0a254054ecc039103698722d493bb4ac.jpg,YOLOv11,0.25,0,1,0,1,0,0,False,True,val_dataset_root,0.0,0.0,0.0,0.0
00001064_png.rf.0a254054ecc039103698722d493bb4ac.jpg,YOLOv12n,0.25,0,0,0,0,0,1,False,False,val_dataset_root,1.0,0.0,0.0,0.0
00001064_png.rf.0a254054ecc039103698722d493bb4ac.jpg,YOLOv8-FPN,0.25,0,1,0,1,0,0,False,True,val_dataset_root,0.0,0.0,0.0,0.0
00001064_png.rf.0a254054ecc039103698722d493bb4ac.jpg,YOLOv8n,0.5,0,0,0,0,0,1,False,False,val_dataset_root,1.0,0.0,0.0,0.0
00001064_png.rf.0a254054ecc039103698722d493bb4ac.jpg,YOLOv9c,0.5,0,0,0,0,0,1,False,False,val_dataset_root,1.0,0.0,0.0,0.0
00001064_png.rf.0a254054ecc039103698722d493bb4ac.jpg,YOLOv11,0.5,0,0,0,0,0,1,False,False,val_dataset_root,1.0,0.0,0.0,0.0
00001064_png.rf.0a254054ecc039103698722d493bb4ac.jpg,YOLOv12n,0.5,0,0,0,0,0,1,False,False,val_dataset_root,1.0,0.0,0.0,0.0
00001064_png.rf.0a254054ecc039103698722d493bb4ac.jpg,YOLOv8-FPN,0.5,0,0,0,0,0,1,False,False,val_dataset_root,1.0,0.0,0.0,0.0
00001064_png.rf.0a254054ecc039103698722d493bb4ac.jpg,YOLOv8n,0.7,0,0,0,0,0,1,False,False,val_dataset_root,1.0,0.0,0.0,0.0
00001064_png.rf.0a254054ecc039103698722d493bb4ac.jpg,YOLOv9c,0.7,0,0,0,0,0,1,False,False,val_dataset_root,1.0,0.0,0.0,0.0
00001064_png.rf.0a254054ecc039103698722d493bb4ac.jpg,YOLOv11,0.7,0,0,0,0,0,1,False,False,val_dataset_root,1.0,0.0,0.0,0.0
00001064_png.rf.0a254054ecc039103698722d493bb4ac.jpg,YOLOv12n,0.7,0,0,0,0,0,1,False,False,val_dataset_root,1.0,0.0,0.0,0.0
00001064_png.rf.0a254054ecc039103698722d493bb4ac.jpg,YOLOv8-FPN,0.7,0,0,0,0,0,1,False,False,val_dataset_root,1.0,0.0,0.0,0.0
IMG_1789_jpg.rf.becc47cc30ed0e3bdd30dddc3022d343.jpg,YOLOv8n,0.25,0,0,0,0,0,1,False,False,val_dataset_root,1.0,0.0,0.0,0.0
IMG_1789_jpg.rf.becc47cc30ed0e3bdd30dddc3022d343.jpg,YOLOv9c,0.25,0,0,0,0,0,1,False,False,val_dataset_root,1.0,0.0,0.0,0.0
IMG_1789_jpg.rf.becc47cc30ed0e3bdd30dddc3022d343.jpg,YOLOv11,0.25,0,0,0,0,0,1,False,False,val_dataset_root,1.0,0.0,0.0,0.0
IMG_1789_jpg.rf.becc47cc30ed0e3bdd30dddc3022d343.jpg,YOLOv12n,0.25,0,0,0,0,0,1,False,False,val_dataset_root,1.0,0.0,0.0,0.0
IMG_1789_jpg.rf.becc47cc30ed0e3bdd30dddc3022d343.jpg,YOLOv8-FPN,0.25,0,0,0,0,0,1,False,False,val_dataset_root,1.0,0.0,0.0,0.0
IMG_1789_jpg.rf.becc47cc30ed0e3bdd30dddc3022d343.jpg,YOLOv8n,0.5,0,0,0,0,0,1,False,False,val_dataset_root,1.0,0.0,0.0,0.0
IMG_1789_jpg.rf.becc47cc30ed0e3bdd30dddc3022d343.jpg,YOLOv9c,0.5,0,0,0,0,0,1,False,False,val_dataset_root,1.0,0.0,0.0,0.0
IMG_1789_jpg.rf.becc47cc30ed0e3bdd30dddc3022d343.jpg,YOLOv11,0.5,0,0,0,0,0,1,False,False,val_dataset_root,1.0,0.0,0.0,0.0
IMG_1789_jpg.rf.becc47cc30ed0e3bdd30dddc3022d343.jpg,YOLOv12n,0.5,0,0,0,0,0,1,False,False,val_dataset_root,1.0,0.0,0.0,0.0
IMG_1789_jpg.rf.becc47cc30ed0e3bdd30dddc3022d343.jpg,YOLOv8-FPN,0.5,0,0,0,0,0,1,False,False,val_dataset_root,1.0,0.0,0.0,0.0
IMG_1789_jpg.rf.becc47cc30ed0e3bdd30dddc3022d343.jpg,YOLOv8n,0.7,0,0,0,0,0,1,False,False,val_dataset_root,1.0,0.0,0.0,0.0
IMG_1789_jpg.rf.becc47cc30ed0e3bdd30dddc3022d343.jpg,YOLOv9c,0.7,0,0,0,0,0,1,False,False,val_dataset_root,1.0,0.0,0.0,0.0
IMG_1789_jpg.rf.becc47cc30ed0e3bdd30dddc3022d343.jpg,YOLOv11,0.7,0,0,0,0,0,1,False,False,val_dataset_root,1.0,0.0,0.0,0.0
IMG_1789_jpg.rf.becc47cc30ed0e3bdd30dddc3022d343.jpg,YOLOv12n,0.7,0,0,0,0,0,1,False,False,val_dataset_root,1.0,0.0,0.0,0.0
IMG_1789_jpg.rf.becc47cc30ed0e3bdd30dddc3022d343.jpg,YOLOv8-FPN,0.7,0,0,0,0,0,1,False,False,val_dataset_root,1.0,0.0,0.0,0.0
00001062_png.rf.c80fc3c2a46dfecafbb4c92d814c2a78.jpg,YOLOv8n,0.25,0,0,0,0,0,1,False,False,val_dataset_root,1.0,0.0,0.0,0.0
00001062_png.rf.c80fc3c2a46dfecafbb4c92d814c2a78.jpg,YOLOv9c,0.25,0,0,0,0,0,1,False,False,val_dataset_root,1.0,0.0,0.0,0.0
00001062_png.rf.c80fc3c2a46dfecafbb4c92d814c2a78.jpg,YOLOv11,0.25,0,1,0,1,0,0,False,True,val_dataset_root,0.0,0.0,0.0,0.0
00001062_png.rf.c80fc3c2a46dfecafbb4c92d814c2a78.jpg,YOLOv12n,0.25,0,0,0,0,0,1,False,False,val_dataset_root,1.0,0.0,0.0,0.0
00001062_png.rf.c80fc3c2a46dfecafbb4c92d814c2a78.jpg,YOLOv8-FPN,0.25,0,0,0,0,0,1,False,False,val_dataset_root,1.0,0.0,0.0,0.0
00001062_png.rf.c80fc3c2a46dfecafbb4c92d814c2a78.jpg,YOLOv8n,0.5,0,0,0,0,0,1,False,False,val_dataset_root,1.0,0.0,0.0,0.0
00001062_png.rf.c80fc3c2a46dfecafbb4c92d814c2a78.jpg,YOLOv9c,0.5,0,0,0,0,0,1,False,False,val_dataset_root,1.0,0.0,0.0,0.0
00001062_png.rf.c80fc3c2a46dfecafbb4c92d814c2a78.jpg,YOLOv11,0.5,0,0,0,0,0,1,False,False,val_dataset_root,1.0,0.0,0.0,0.0
00001062_png.rf.c80fc3c2a46dfecafbb4c92d814c2a78.jpg,YOLOv12n,0.5,0,0,0,0,0,1,False,False,val_dataset_root,1.0,0.0,0.0,0.0
00001062_png.rf.c80fc3c2a46dfecafbb4c92d814c2a78.jpg,YOLOv8-FPN,0.5,0,0,0,0,0,1,False,False,val_dataset_root,1.0,0.0,0.0,0.0
00001062_png.rf.c80fc3c2a46dfecafbb4c92d814c2a78.jpg,YOLOv8n,0.7,0,0,0,0,0,1,False,False,val_dataset_root,1.0,0.0,0.0,0.0
00001062_png.rf.c80fc3c2a46dfecafbb4c92d814c2a78.jpg,YOLOv9c,0.7,0,0,0,0,0,1,False,False,val_dataset_root,1.0,0.0,0.0,0.0
00001062_png.rf.c80fc3c2a46dfecafbb4c92d814c2a78.jpg,YOLOv11,0.7,0,0,0,0,0,1,False,False,val_dataset_root,1.0,0.0,0.0,0.0
00001062_png.rf.c80fc3c2a46dfecafbb4c92d814c2a78.jpg,YOLOv12n,0.7,0,0,0,0,0,1,False,False,val_dataset_root,1.0,0.0,0.0,0.0
00001062_png.rf.c80fc3c2a46dfecafbb4c92d814c2a78.jpg,YOLOv8-FPN,0.7,0,0,0,0,0,1,False,False,val_dataset_root,1.0,0.0,0.0,0.0
00000905_png.rf.666dabe57e758ed002a58ad78e9eb34c.jpg,YOLOv8n,0.25,0,1,0,1,0,0,False,True,val_dataset_root,0.0,0.0,0.0,0.0
00000905_png.rf.666dabe57e758ed002a58ad78e9eb34c.jpg,YOLOv9c,0.25,0,0,0,0,0,1,False,False,val_dataset_root,1.0,0.0,0.0,0.0
00000905_png.rf.666dabe57e758ed002a58ad78e9eb34c.jpg,YOLOv11,0.25,0,0,0,0,0,1,False,False,val_dataset_root,1.0,0.0,0.0,0.0
00000905_png.rf.666dabe57e758ed002a58ad78e9eb34c.jpg,YOLOv12n,0.25,0,0,0,0,0,1,False,False,val_dataset_root,1.0,0.0,0.0,0.0
00000905_png.rf.666dabe57e758ed002a58ad78e9eb34c.jpg,YOLOv8-FPN,0.25,0,0,0,0,0,1,False,False,val_dataset_root,1.0,0.0,0.0,0.0
00000905_png.rf.666dabe57e758ed002a58ad78e9eb34c.jpg,YOLOv8n,0.5,0,0,0,0,0,1,False,False,val_dataset_root,1.0,0.0,0.0,0.0
00000905_png.rf.666dabe57e758ed002a58ad78e9eb34c.jpg,YOLOv9c,0.5,0,0,0,0,0,1,False,False,val_dataset_root,1.0,0.0,0.0,0.0
00000905_png.rf.666dabe57e758ed002a58ad78e9eb34c.jpg,YOLOv11,0.5,0,0,0,0,0,1,False,False,val_dataset_root,1.0,0.0,0.0,0.0
00000905_png.rf.666dabe57e758ed002a58ad78e9eb34c.jpg,YOLOv12n,0.5,0,0,0,0,0,1,False,False,val_dataset_root,1.0,0.0,0.0,0.0
00000905_png.rf.666dabe57e758ed002a58ad78e9eb34c.jpg,YOLOv8-FPN,0.5,0,0,0,0,0,1,False,False,val_dataset_root,1.0,0.0,0.0,0.0
00000905_png.rf.666dabe57e758ed002a58ad78e9eb34c.jpg,YOLOv8n,0.7,0,0,0,0,0,1,False,False,val_dataset_root,1.0,0.0,0.0,0.0
00000905_png.rf.666dabe57e758ed002a58ad78e9eb34c.jpg,YOLOv9c,0.7,0,0,0,0,0,1,False,False,val_dataset_root,1.0,0.0,0.0,0.0
00000905_png.rf.666dabe57e758ed002a58ad78e9eb34c.jpg,YOLOv11,0.7,0,0,0,0,0,1,False,False,val_dataset_root,1.0,0.0,0.0,0.0
00000905_png.rf.666dabe57e758ed002a58ad78e9eb34c.jpg,YOLOv12n,0.7,0,0,0,0,0,1,False,False,val_dataset_root,1.0,0.0,0.0,0.0
00000905_png.rf.666dabe57e758ed002a58ad78e9eb34c.jpg,YOLOv8-FPN,0.7,0,0,0,0,0,1,False,False,val_dataset_root,1.0,0.0,0.0,0.0
IMG_1769_jpg.rf.a58b3e5411db09d16cf241f37b782fd5.jpg,YOLOv8n,0.25,0,0,0,0,0,1,False,False,val_dataset_root,1.0,0.0,0.0,0.0
IMG_1769_jpg.rf.a58b3e5411db09d16cf241f37b782fd5.jpg,YOLOv9c,0.25,0,0,0,0,0,1,False,False,val_dataset_root,1.0,0.0,0.0,0.0
IMG_1769_jpg.rf.a58b3e5411db09d16cf241f37b782fd5.jpg,YOLOv11,0.25,0,0,0,0,0,1,False,False,val_dataset_root,1.0,0.0,0.0,0.0
IMG_1769_jpg.rf.a58b3e5411db09d16cf241f37b782fd5.jpg,YOLOv12n,0.25,0,0,0,0,0,1,False,False,val_dataset_root,1.0,0.0,0.0,0.0
IMG_1769_jpg.rf.a58b3e5411db09d16cf241f37b782fd5.jpg,YOLOv8-FPN,0.25,0,0,0,0,0,1,False,False,val_dataset_root,1.0,0.0,0.0,0.0
IMG_1769_jpg.rf.a58b3e5411db09d16cf241f37b782fd5.jpg,YOLOv8n,0.5,0,0,0,0,0,1,False,False,val_dataset_root,1.0,0.0,0.0,0.0
IMG_1769_jpg.rf.a58b3e5411db09d16cf241f37b782fd5.jpg,YOLOv9c,0.5,0,0,0,0,0,1,False,False,val_dataset_root,1.0,0.0,0.0,0.0
IMG_1769_jpg.rf.a58b3e5411db09d16cf241f37b782fd5.jpg,YOLOv11,0.5,0,0,0,0,0,1,False,False,val_dataset_root,1.0,0.0,0.0,0.0
IMG_1769_jpg.rf.a58b3e5411db09d16cf241f37b782fd5.jpg,YOLOv12n,0.5,0,0,0,0,0,1,False,False,val_dataset_root,1.0,0.0,0.0,0.0
IMG_1769_jpg.rf.a58b3e5411db09d16cf241f37b782fd5.jpg,YOLOv8-FPN,0.5,0,0,0,0,0,1,False,False,val_dataset_root,1.0,0.0,0.0,0.0
IMG_1769_jpg.rf.a58b3e5411db09d16cf241f37b782fd5.jpg,YOLOv8n,0.7,0,0,0,0,0,1,False,False,val_dataset_root,1.0,0.0,0.0,0.0
IMG_1769_jpg.rf.a58b3e5411db09d16cf241f37b782fd5.jpg,YOLOv9c,0.7,0,0,0,0,0,1,False,False,val_dataset_root,1.0,0.0,0.0,0.0
IMG_1769_jpg.rf.a58b3e5411db09d16cf241f37b782fd5.jpg,YOLOv11,0.7,0,0,0,0,0,1,False,False,val_dataset_root,1.0,0.0,0.0,0.0
IMG_1769_jpg.rf.a58b3e5411db09d16cf241f37b782fd5.jpg,YOLOv12n,0.7,0,0,0,0,0,1,False,False,val_dataset_root,1.0,0.0,0.0,0.0
IMG_1769_jpg.rf.a58b3e5411db09d16cf241f37b782fd5.jpg,YOLOv8-FPN,0.7,0,0,0,0,0,1,False,False,val_dataset_root,1.0,0.0,0.0,0.0
IMG_1763_jpg.rf.c208f4d9eeed181106908ef7286566fa.jpg,YOLOv8n,0.25,0,0,0,0,0,1,False,False,val_dataset_root,1.0,0.0,0.0,0.0
IMG_1763_jpg.rf.c208f4d9eeed181106908ef7286566fa.jpg,YOLOv9c,0.25,0,0,0,0,0,1,False,False,val_dataset_root,1.0,0.0,0.0,0.0
IMG_1763_jpg.rf.c208f4d9eeed181106908ef7286566fa.jpg,YOLOv11,0.25,0,0,0,0,0,1,False,False,val_dataset_root,1.0,0.0,0.0,0.0
IMG_1763_jpg.rf.c208f4d9eeed181106908ef7286566fa.jpg,YOLOv12n,0.25,0,0,0,0,0,1,False,False,val_dataset_root,1.0,0.0,0.0,0.0
IMG_1763_jpg.rf.c208f4d9eeed181106908ef7286566fa.jpg,YOLOv8-FPN,0.25,0,0,0,0,0,1,False,False,val_dataset_root,1.0,0.0,0.0,0.0
IMG_1763_jpg.rf.c208f4d9eeed181106908ef7286566fa.jpg,YOLOv8n,0.5,0,0,0,0,0,1,False,False,val_dataset_root,1.0,0.0,0.0,0.0
IMG_1763_jpg.rf.c208f4d9eeed181106908ef7286566fa.jpg,YOLOv9c,0.5,0,0,0,0,0,1,False,False,val_dataset_root,1.0,0.0,0.0,0.0
IMG_1763_jpg.rf.c208f4d9eeed181106908ef7286566fa.jpg,YOLOv11,0.5,0,0,0,0,0,1,False,False,val_dataset_root,1.0,0.0,0.0,0.0
IMG_1763_jpg.rf.c208f4d9eeed181106908ef7286566fa.jpg,YOLOv12n,0.5,0,0,0,0,0,1,False,False,val_dataset_root,1.0,0.0,0.0,0.0
IMG_1763_jpg.rf.c208f4d9eeed181106908ef7286566fa.jpg,YOLOv8-FPN,0.5,0,0,0,0,0,1,False,False,val_dataset_root,1.0,0.0,0.0,0.0
IMG_1763_jpg.rf.c208f4d9eeed181106908ef7286566fa.jpg,YOLOv8n,0.7,0,0,0,0,0,1,False,False,val_dataset_root,1.0,0.0,0.0,0.0
IMG_1763_jpg.rf.c208f4d9eeed181106908ef7286566fa.jpg,YOLOv9c,0.7,0,0,0,0,0,1,False,False,val_dataset_root,1.0,0.0,0.0,0.0
IMG_1763_jpg.rf.c208f4d9eeed181106908ef7286566fa.jpg,YOLOv11,0.7,0,0,0,0,0,1,False,False,val_dataset_root,1.0,0.0,0.0,0.0
IMG_1763_jpg.rf.c208f4d9eeed181106908ef7286566fa.jpg,YOLOv12n,0.7,0,0,0,0,0,1,False,False,val_dataset_root,1.0,0.0,0.0,0.0
IMG_1763_jpg.rf.c208f4d9eeed181106908ef7286566fa.jpg,YOLOv8-FPN,0.7,0,0,0,0,0,1,False,False,val_dataset_root,1.0,0.0,0.0,0.0
IMG_1755_jpg.rf.622400bd6deccea6a6ee4400646a5e64.jpg,YOLOv8n,0.25,0,0,0,0,0,1,False,False,val_dataset_root,1.0,0.0,0.0,0.0
IMG_1755_jpg.rf.622400bd6deccea6a6ee4400646a5e64.jpg,YOLOv9c,0.25,0,0,0,0,0,1,False,False,val_dataset_root,1.0,0.0,0.0,0.0
IMG_1755_jpg.rf.622400bd6deccea6a6ee4400646a5e64.jpg,YOLOv11,0.25,0,0,0,0,0,1,False,False,val_dataset_root,1.0,0.0,0.0,0.0
IMG_1755_jpg.rf.622400bd6deccea6a6ee4400646a5e64.jpg,YOLOv12n,0.25,0,0,0,0,0,1,False,False,val_dataset_root,1.0,0.0,0.0,0.0
IMG_1755_jpg.rf.622400bd6deccea6a6ee4400646a5e64.jpg,YOLOv8-FPN,0.25,0,0,0,0,0,1,False,False,val_dataset_root,1.0,0.0,0.0,0.0
IMG_1755_jpg.rf.622400bd6deccea6a6ee4400646a5e64.jpg,YOLOv8n,0.5,0,0,0,0,0,1,False,False,val_dataset_root,1.0,0.0,0.0,0.0
IMG_1755_jpg.rf.622400bd6deccea6a6ee4400646a5e64.jpg,YOLOv9c,0.5,0,0,0,0,0,1,False,False,val_dataset_root,1.0,0.0,0.0,0.0
IMG_1755_jpg.rf.622400bd6deccea6a6ee4400646a5e64.jpg,YOLOv11,0.5,0,0,0,0,0,1,False,False,val_dataset_root,1.0,0.0,0.0,0.0
IMG_1755_jpg.rf.622400bd6deccea6a6ee4400646a5e64.jpg,YOLOv12n,0.5,0,0,0,0,0,1,False,False,val_dataset_root,1.0,0.0,0.0,0.0
IMG_1755_jpg.rf.622400bd6deccea6a6ee4400646a5e64.jpg,YOLOv8-FPN,0.5,0,0,0,0,0,1,False,False,val_dataset_root,1.0,0.0,0.0,0.0
IMG_1755_jpg.rf.622400bd6deccea6a6ee4400646a5e64.jpg,YOLOv8n,0.7,0,0,0,0,0,1,False,False,val_dataset_root,1.0,0.0,0.0,0.0
IMG_1755_jpg.rf.622400bd6deccea6a6ee4400646a5e64.jpg,YOLOv9c,0.7,0,0,0,0,0,1,False,False,val_dataset_root,1.0,0.0,0.0,0.0
IMG_1755_jpg.rf.622400bd6deccea6a6ee4400646a5e64.jpg,YOLOv11,0.7,0,0,0,0,0,1,False,False,val_dataset_root,1.0,0.0,0.0,0.0
IMG_1755_jpg.rf.622400bd6deccea6a6ee4400646a5e64.jpg,YOLOv12n,0.7,0,0,0,0,0,1,False,False,val_dataset_root,1.0,0.0,0.0,0.0
IMG_1755_jpg.rf.622400bd6deccea6a6ee4400646a5e64.jpg,YOLOv8-FPN,0.7,0,0,0,0,0,1,False,False,val_dataset_root,1.0,0.0,0.0,0.0
00000905_png.rf.6da761e13284ab5bfdedce733239b57b.jpg,YOLOv8n,0.25,0,1,0,1,0,0,False,True,val_dataset_root,0.0,0.0,0.0,0.0
00000905_png.rf.6da761e13284ab5bfdedce733239b57b.jpg,YOLOv9c,0.25,0,0,0,0,0,1,False,False,val_dataset_root,1.0,0.0,0.0,0.0
00000905_png.rf.6da761e13284ab5bfdedce733239b57b.jpg,YOLOv11,0.25,0,0,0,0,0,1,False,False,val_dataset_root,1.0,0.0,0.0,0.0
00000905_png.rf.6da761e13284ab5bfdedce733239b57b.jpg,YOLOv12n,0.25,0,0,0,0,0,1,False,False,val_dataset_root,1.0,0.0,0.0,0.0
00000905_png.rf.6da761e13284ab5bfdedce733239b57b.jpg,YOLOv8-FPN,0.25,0,0,0,0,0,1,False,False,val_dataset_root,1.0,0.0,0.0,0.0
00000905_png.rf.6da761e13284ab5bfdedce733239b57b.jpg,YOLOv8n,0.5,0,0,0,0,0,1,False,False,val_dataset_root,1.0,0.0,0.0,0.0
00000905_png.rf.6da761e13284ab5bfdedce733239b57b.jpg,YOLOv9c,0.5,0,0,0,0,0,1,False,False,val_dataset_root,1.0,0.0,0.0,0.0
00000905_png.rf.6da761e13284ab5bfdedce733239b57b.jpg,YOLOv11,0.5,0,0,0,0,0,1,False,False,val_dataset_root,1.0,0.0,0.0,0.0
00000905_png.rf.6da761e13284ab5bfdedce733239b57b.jpg,YOLOv12n,0.5,0,0,0,0,0,1,False,False,val_dataset_root,1.0,0.0,0.0,0.0
00000905_png.rf.6da761e13284ab5bfdedce733239b57b.jpg,YOLOv8-FPN,0.5,0,0,0,0,0,1,False,False,val_dataset_root,1.0,0.0,0.0,0.0
00000905_png.rf.6da761e13284ab5bfdedce733239b57b.jpg,YOLOv8n,0.7,0,0,0,0,0,1,False,False,val_dataset_root,1.0,0.0,0.0,0.0
00000905_png.rf.6da761e13284ab5bfdedce733239b57b.jpg,YOLOv9c,0.7,0,0,0,0,0,1,False,False,val_dataset_root,1.0,0.0,0.0,0.0
00000905_png.rf.6da761e13284ab5bfdedce733239b57b.jpg,YOLOv11,0.7,0,0,0,0,0,1,False,False,val_dataset_root,1.0,0.0,0.0,0.0
00000905_png.rf.6da761e13284ab5bfdedce733239b57b.jpg,YOLOv12n,0.7,0,0,0,0,0,1,False,False,val_dataset_root,1.0,0.0,0.0,0.0
00000905_png.rf.6da761e13284ab5bfdedce733239b57b.jpg,YOLOv8-FPN,0.7,0,0,0,0,0,1,False,False,val_dataset_root,1.0,0.0,0.0,0.0
IMG_1759_jpg.rf.e397d4ed4c21ff2b1ae41fc0d421bac3.jpg,YOLOv8n,0.25,0,0,0,0,0,1,False,False,val_dataset_root,1.0,0.0,0.0,0.0
IMG_1759_jpg.rf.e397d4ed4c21ff2b1ae41fc0d421bac3.jpg,YOLOv9c,0.25,0,0,0,0,0,1,False,False,val_dataset_root,1.0,0.0,0.0,0.0
IMG_1759_jpg.rf.e397d4ed4c21ff2b1ae41fc0d421bac3.jpg,YOLOv11,0.25,0,0,0,0,0,1,False,False,val_dataset_root,1.0,0.0,0.0,0.0
IMG_1759_jpg.rf.e397d4ed4c21ff2b1ae41fc0d421bac3.jpg,YOLOv12n,0.25,0,0,0,0,0,1,False,False,val_dataset_root,1.0,0.0,0.0,0.0
IMG_1759_jpg.rf.e397d4ed4c21ff2b1ae41fc0d421bac3.jpg,YOLOv8-FPN,0.25,0,0,0,0,0,1,False,False,val_dataset_root,1.0,0.0,0.0,0.0
IMG_1759_jpg.rf.e397d4ed4c21ff2b1ae41fc0d421bac3.jpg,YOLOv8n,0.5,0,0,0,0,0,1,False,False,val_dataset_root,1.0,0.0,0.0,0.0
IMG_1759_jpg.rf.e397d4ed4c21ff2b1ae41fc0d421bac3.jpg,YOLOv9c,0.5,0,0,0,0,0,1,False,False,val_dataset_root,1.0,0.0,0.0,0.0
IMG_1759_jpg.rf.e397d4ed4c21ff2b1ae41fc0d421bac3.jpg,YOLOv11,0.5,0,0,0,0,0,1,False,False,val_dataset_root,1.0,0.0,0.0,0.0
IMG_1759_jpg.rf.e397d4ed4c21ff2b1ae41fc0d421bac3.jpg,YOLOv12n,0.5,0,0,0,0,0,1,False,False,val_dataset_root,1.0,0.0,0.0,0.0
IMG_1759_jpg.rf.e397d4ed4c21ff2b1ae41fc0d421bac3.jpg,YOLOv8-FPN,0.5,0,0,0,0,0,1,False,False,val_dataset_root,1.0,0.0,0.0,0.0
IMG_1759_jpg.rf.e397d4ed4c21ff2b1ae41fc0d421bac3.jpg,YOLOv8n,0.7,0,0,0,0,0,1,False,False,val_dataset_root,1.0,0.0,0.0,0.0
IMG_1759_jpg.rf.e397d4ed4c21ff2b1ae41fc0d421bac3.jpg,YOLOv9c,0.7,0,0,0,0,0,1,False,False,val_dataset_root,1.0,0.0,0.0,0.0
IMG_1759_jpg.rf.e397d4ed4c21ff2b1ae41fc0d421bac3.jpg,YOLOv11,0.7,0,0,0,0,0,1,False,False,val_dataset_root,1.0,0.0,0.0,0.0
IMG_1759_jpg.rf.e397d4ed4c21ff2b1ae41fc0d421bac3.jpg,YOLOv12n,0.7,0,0,0,0,0,1,False,False,val_dataset_root,1.0,0.0,0.0,0.0
IMG_1759_jpg.rf.e397d4ed4c21ff2b1ae41fc0d421bac3.jpg,YOLOv8-FPN,0.7,0,0,0,0,0,1,False,False,val_dataset_root,1.0,0.0,0.0,0.0
IMG_1794_jpg.rf.e5b9ffd6629a5f7494ec13f730e1e6bd.jpg,YOLOv8n,0.25,0,0,0,0,0,1,False,False,val_dataset_root,1.0,0.0,0.0,0.0
IMG_1794_jpg.rf.e5b9ffd6629a5f7494ec13f730e1e6bd.jpg,YOLOv9c,0.25,0,0,0,0,0,1,False,False,val_dataset_root,1.0,0.0,0.0,0.0
IMG_1794_jpg.rf.e5b9ffd6629a5f7494ec13f730e1e6bd.jpg,YOLOv11,0.25,0,0,0,0,0,1,False,False,val_dataset_root,1.0,0.0,0.0,0.0
IMG_1794_jpg.rf.e5b9ffd6629a5f7494ec13f730e1e6bd.jpg,YOLOv12n,0.25,0,0,0,0,0,1,False,False,val_dataset_root,1.0,0.0,0.0,0.0
IMG_1794_jpg.rf.e5b9ffd6629a5f7494ec13f730e1e6bd.jpg,YOLOv8-FPN,0.25,0,1,0,1,0,0,False,True,val_dataset_root,0.0,0.0,0.0,0.0
IMG_1794_jpg.rf.e5b9ffd6629a5f7494ec13f730e1e6bd.jpg,YOLOv8n,0.5,0,0,0,0,0,1,False,False,val_dataset_root,1.0,0.0,0.0,0.0
IMG_1794_jpg.rf.e5b9ffd6629a5f7494ec13f730e1e6bd.jpg,YOLOv9c,0.5,0,0,0,0,0,1,False,False,val_dataset_root,1.0,0.0,0.0,0.0
IMG_1794_jpg.rf.e5b9ffd6629a5f7494ec13f730e1e6bd.jpg,YOLOv11,0.5,0,0,0,0,0,1,False,False,val_dataset_root,1.0,0.0,0.0,0.0
IMG_1794_jpg.rf.e5b9ffd6629a5f7494ec13f730e1e6bd.jpg,YOLOv12n,0.5,0,0,0,0,0,1,False,False,val_dataset_root,1.0,0.0,0.0,0.0
IMG_1794_jpg.rf.e5b9ffd6629a5f7494ec13f730e1e6bd.jpg,YOLOv8-FPN,0.5,0,0,0,0,0,1,False,False,val_dataset_root,1.0,0.0,0.0,0.0
IMG_1794_jpg.rf.e5b9ffd6629a5f7494ec13f730e1e6bd.jpg,YOLOv8n,0.7,0,0,0,0,0,1,False,False,val_dataset_root,1.0,0.0,0.0,0.0
IMG_1794_jpg.rf.e5b9ffd6629a5f7494ec13f730e1e6bd.jpg,YOLOv9c,0.7,0,0,0,0,0,1,False,False,val_dataset_root,1.0,0.0,0.0,0.0
IMG_1794_jpg.rf.e5b9ffd6629a5f7494ec13f730e1e6bd.jpg,YOLOv11,0.7,0,0,0,0,0,1,False,False,val_dataset_root,1.0,0.0,0.0,0.0
IMG_1794_jpg.rf.e5b9ffd6629a5f7494ec13f730e1e6bd.jpg,YOLOv12n,0.7,0,0,0,0,0,1,False,False,val_dataset_root,1.0,0.0,0.0,0.0
IMG_1794_jpg.rf.e5b9ffd6629a5f7494ec13f730e1e6bd.jpg,YOLOv8-FPN,0.7,0,0,0,0,0,1,False,False,val_dataset_root,1.0,0.0,0.0,0.0
00000921_png.rf.1e7599efab0c48bef36b0e35a2d8bca3.jpg,YOLOv8n,0.25,0,1,0,1,0,0,False,True,val_dataset_root,0.0,0.0,0.0,0.0
00000921_png.rf.1e7599efab0c48bef36b0e35a2d8bca3.jpg,YOLOv9c,0.25,0,1,0,1,0,0,False,True,val_dataset_root,0.0,0.0,0.0,0.0
00000921_png.rf.1e7599efab0c48bef36b0e35a2d8bca3.jpg,YOLOv11,0.25,0,0,0,0,0,1,False,False,val_dataset_root,1.0,0.0,0.0,0.0
00000921_png.rf.1e7599efab0c48bef36b0e35a2d8bca3.jpg,YOLOv12n,0.25,0,1,0,1,0,0,False,True,val_dataset_root,0.0,0.0,0.0,0.0
00000921_png.rf.1e7599efab0c48bef36b0e35a2d8bca3.jpg,YOLOv8-FPN,0.25,0,0,0,0,0,1,False,False,val_dataset_root,1.0,0.0,0.0,0.0
00000921_png.rf.1e7599efab0c48bef36b0e35a2d8bca3.jpg,YOLOv8n,0.5,0,0,0,0,0,1,False,False,val_dataset_root,1.0,0.0,0.0,0.0
00000921_png.rf.1e7599efab0c48bef36b0e35a2d8bca3.jpg,YOLOv9c,0.5,0,0,0,0,0,1,False,False,val_dataset_root,1.0,0.0,0.0,0.0
00000921_png.rf.1e7599efab0c48bef36b0e35a2d8bca3.jpg,YOLOv11,0.5,0,0,0,0,0,1,False,False,val_dataset_root,1.0,0.0,0.0,0.0
00000921_png.rf.1e7599efab0c48bef36b0e35a2d8bca3.jpg,YOLOv12n,0.5,0,1,0,1,0,0,False,True,val_dataset_root,0.0,0.0,0.0,0.0
00000921_png.rf.1e7599efab0c48bef36b0e35a2d8bca3.jpg,YOLOv8-FPN,0.5,0,0,0,0,0,1,False,False,val_dataset_root,1.0,0.0,0.0,0.0
00000921_png.rf.1e7599efab0c48bef36b0e35a2d8bca3.jpg,YOLOv8n,0.7,0,0,0,0,0,1,False,False,val_dataset_root,1.0,0.0,0.0,0.0
00000921_png.rf.1e7599efab0c48bef36b0e35a2d8bca3.jpg,YOLOv9c,0.7,0,0,0,0,0,1,False,False,val_dataset_root,1.0,0.0,0.0,0.0
00000921_png.rf.1e7599efab0c48bef36b0e35a2d8bca3.jpg,YOLOv11,0.7,0,0,0,0,0,1,False,False,val_dataset_root,1.0,0.0,0.0,0.0
00000921_png.rf.1e7599efab0c48bef36b0e35a2d8bca3.jpg,YOLOv12n,0.7,0,0,0,0,0,1,False,False,val_dataset_root,1.0,0.0,0.0,0.0
00000921_png.rf.1e7599efab0c48bef36b0e35a2d8bca3.jpg,YOLOv8-FPN,0.7,0,0,0,0,0,1,False,False,val_dataset_root,1.0,0.0,0.0,0.0
IMG_1784_jpg.rf.f50295ab98289ad34cd9db09768db99d.jpg,YOLOv8n,0.25,0,0,0,0,0,1,False,False,val_dataset_root,1.0,0.0,0.0,0.0
IMG_1784_jpg.rf.f50295ab98289ad34cd9db09768db99d.jpg,YOLOv9c,0.25,0,0,0,0,0,1,False,False,val_dataset_root,1.0,0.0,0.0,0.0
IMG_1784_jpg.rf.f50295ab98289ad34cd9db09768db99d.jpg,YOLOv11,0.25,0,0,0,0,0,1,False,False,val_dataset_root,1.0,0.0,0.0,0.0
IMG_1784_jpg.rf.f50295ab98289ad34cd9db09768db99d.jpg,YOLOv12n,0.25,0,0,0,0,0,1,False,False,val_dataset_root,1.0,0.0,0.0,0.0
IMG_1784_jpg.rf.f50295ab98289ad34cd9db09768db99d.jpg,YOLOv8-FPN,0.25,0,0,0,0,0,1,False,False,val_dataset_root,1.0,0.0,0.0,0.0
IMG_1784_jpg.rf.f50295ab98289ad34cd9db09768db99d.jpg,YOLOv8n,0.5,0,0,0,0,0,1,False,False,val_dataset_root,1.0,0.0,0.0,0.0
IMG_1784_jpg.rf.f50295ab98289ad34cd9db09768db99d.jpg,YOLOv9c,0.5,0,0,0,0,0,1,False,False,val_dataset_root,1.0,0.0,0.0,0.0
IMG_1784_jpg.rf.f50295ab98289ad34cd9db09768db99d.jpg,YOLOv11,0.5,0,0,0,0,0,1,False,False,val_dataset_root,1.0,0.0,0.0,0.0
IMG_1784_jpg.rf.f50295ab98289ad34cd9db09768db99d.jpg,YOLOv12n,0.5,0,0,0,0,0,1,False,False,val_dataset_root,1.0,0.0,0.0,0.0
IMG_1784_jpg.rf.f50295ab98289ad34cd9db09768db99d.jpg,YOLOv8-FPN,0.5,0,0,0,0,0,1,False,False,val_dataset_root,1.0,0.0,0.0,0.0
IMG_1784_jpg.rf.f50295ab98289ad34cd9db09768db99d.jpg,YOLOv8n,0.7,0,0,0,0,0,1,False,False,val_dataset_root,1.0,0.0,0.0,0.0
IMG_1784_jpg.rf.f50295ab98289ad34cd9db09768db99d.jpg,YOLOv9c,0.7,0,0,0,0,0,1,False,False,val_dataset_root,1.0,0.0,0.0,0.0
IMG_1784_jpg.rf.f50295ab98289ad34cd9db09768db99d.jpg,YOLOv11,0.7,0,0,0,0,0,1,False,False,val_dataset_root,1.0,0.0,0.0,0.0
IMG_1784_jpg.rf.f50295ab98289ad34cd9db09768db99d.jpg,YOLOv12n,0.7,0,0,0,0,0,1,False,False,val_dataset_root,1.0,0.0,0.0,0.0
IMG_1784_jpg.rf.f50295ab98289ad34cd9db09768db99d.jpg,YOLOv8-FPN,0.7,0,0,0,0,0,1,False,False,val_dataset_root,1.0,0.0,0.0,0.0
IMG_1794_jpg.rf.24df1838f73231d7b825c5084de52307.jpg,YOLOv8n,0.25,0,1,0,1,0,0,False,True,val_dataset_root,0.0,0.0,0.0,0.0
IMG_1794_jpg.rf.24df1838f73231d7b825c5084de52307.jpg,YOLOv9c,0.25,0,0,0,0,0,1,False,False,val_dataset_root,1.0,0.0,0.0,0.0
IMG_1794_jpg.rf.24df1838f73231d7b825c5084de52307.jpg,YOLOv11,0.25,0,0,0,0,0,1,False,False,val_dataset_root,1.0,0.0,0.0,0.0
IMG_1794_jpg.rf.24df1838f73231d7b825c5084de52307.jpg,YOLOv12n,0.25,0,0,0,0,0,1,False,False,val_dataset_root,1.0,0.0,0.0,0.0
IMG_1794_jpg.rf.24df1838f73231d7b825c5084de52307.jpg,YOLOv8-FPN,0.25,0,1,0,1,0,0,False,True,val_dataset_root,0.0,0.0,0.0,0.0
IMG_1794_jpg.rf.24df1838f73231d7b825c5084de52307.jpg,YOLOv8n,0.5,0,0,0,0,0,1,False,False,val_dataset_root,1.0,0.0,0.0,0.0
IMG_1794_jpg.rf.24df1838f73231d7b825c5084de52307.jpg,YOLOv9c,0.5,0,0,0,0,0,1,False,False,val_dataset_root,1.0,0.0,0.0,0.0
IMG_1794_jpg.rf.24df1838f73231d7b825c5084de52307.jpg,YOLOv11,0.5,0,0,0,0,0,1,False,False,val_dataset_root,1.0,0.0,0.0,0.0
IMG_1794_jpg.rf.24df1838f73231d7b825c5084de52307.jpg,YOLOv12n,0.5,0,0,0,0,0,1,False,False,val_dataset_root,1.0,0.0,0.0,0.0
IMG_1794_jpg.rf.24df1838f73231d7b825c5084de52307.jpg,YOLOv8-FPN,0.5,0,0,0,0,0,1,False,False,val_dataset_root,1.0,0.0,0.0,0.0
IMG_1794_jpg.rf.24df1838f73231d7b825c5084de52307.jpg,YOLOv8n,0.7,0,0,0,0,0,1,False,False,val_dataset_root,1.0,0.0,0.0,0.0
IMG_1794_jpg.rf.24df1838f73231d7b825c5084de52307.jpg,YOLOv9c,0.7,0,0,0,0,0,1,False,False,val_dataset_root,1.0,0.0,0.0,0.0
IMG_1794_jpg.rf.24df1838f73231d7b825c5084de52307.jpg,YOLOv11,0.7,0,0,0,0,0,1,False,False,val_dataset_root,1.0,0.0,0.0,0.0
IMG_1794_jpg.rf.24df1838f73231d7b825c5084de52307.jpg,YOLOv12n,0.7,0,0,0,0,0,1,False,False,val_dataset_root,1.0,0.0,0.0,0.0
IMG_1794_jpg.rf.24df1838f73231d7b825c5084de52307.jpg,YOLOv8-FPN,0.7,0,0,0,0,0,1,False,False,val_dataset_root,1.0,0.0,0.0,0.0
IMG_1755_jpg.rf.9375c5391d59bc392cbfbacf6783c340.jpg,YOLOv8n,0.25,0,0,0,0,0,1,False,False,val_dataset_root,1.0,0.0,0.0,0.0
IMG_1755_jpg.rf.9375c5391d59bc392cbfbacf6783c340.jpg,YOLOv9c,0.25,0,0,0,0,0,1,False,False,val_dataset_root,1.0,0.0,0.0,0.0
IMG_1755_jpg.rf.9375c5391d59bc392cbfbacf6783c340.jpg,YOLOv11,0.25,0,0,0,0,0,1,False,False,val_dataset_root,1.0,0.0,0.0,0.0
IMG_1755_jpg.rf.9375c5391d59bc392cbfbacf6783c340.jpg,YOLOv12n,0.25,0,0,0,0,0,1,False,False,val_dataset_root,1.0,0.0,0.0,0.0
IMG_1755_jpg.rf.9375c5391d59bc392cbfbacf6783c340.jpg,YOLOv8-FPN,0.25,0,0,0,0,0,1,False,False,val_dataset_root,1.0,0.0,0.0,0.0
IMG_1755_jpg.rf.9375c5391d59bc392cbfbacf6783c340.jpg,YOLOv8n,0.5,0,0,0,0,0,1,False,False,val_dataset_root,1.0,0.0,0.0,0.0
IMG_1755_jpg.rf.9375c5391d59bc392cbfbacf6783c340.jpg,YOLOv9c,0.5,0,0,0,0,0,1,False,False,val_dataset_root,1.0,0.0,0.0,0.0
IMG_1755_jpg.rf.9375c5391d59bc392cbfbacf6783c340.jpg,YOLOv11,0.5,0,0,0,0,0,1,False,False,val_dataset_root,1.0,0.0,0.0,0.0
IMG_1755_jpg.rf.9375c5391d59bc392cbfbacf6783c340.jpg,YOLOv12n,0.5,0,0,0,0,0,1,False,False,val_dataset_root,1.0,0.0,0.0,0.0
IMG_1755_jpg.rf.9375c5391d59bc392cbfbacf6783c340.jpg,YOLOv8-FPN,0.5,0,0,0,0,0,1,False,False,val_dataset_root,1.0,0.0,0.0,0.0
IMG_1755_jpg.rf.9375c5391d59bc392cbfbacf6783c340.jpg,YOLOv8n,0.7,0,0,0,0,0,1,False,False,val_dataset_root,1.0,0.0,0.0,0.0
IMG_1755_jpg.rf.9375c5391d59bc392cbfbacf6783c340.jpg,YOLOv9c,0.7,0,0,0,0,0,1,False,False,val_dataset_root,1.0,0.0,0.0,0.0
IMG_1755_jpg.rf.9375c5391d59bc392cbfbacf6783c340.jpg,YOLOv11,0.7,0,0,0,0,0,1,False,False,val_dataset_root,1.0,0.0,0.0,0.0
IMG_1755_jpg.rf.9375c5391d59bc392cbfbacf6783c340.jpg,YOLOv12n,0.7,0,0,0,0,0,1,False,False,val_dataset_root,1.0,0.0,0.0,0.0
IMG_1755_jpg.rf.9375c5391d59bc392cbfbacf6783c340.jpg,YOLOv8-FPN,0.7,0,0,0,0,0,1,False,False,val_dataset_root,1.0,0.0,0.0,0.0
IMG_1777_jpg.rf.19a231026e1c02bc58275d14f77f209e.jpg,YOLOv8n,0.25,0,0,0,0,0,1,False,False,val_dataset_root,1.0,0.0,0.0,0.0
IMG_1777_jpg.rf.19a231026e1c02bc58275d14f77f209e.jpg,YOLOv9c,0.25,0,0,0,0,0,1,False,False,val_dataset_root,1.0,0.0,0.0,0.0
IMG_1777_jpg.rf.19a231026e1c02bc58275d14f77f209e.jpg,YOLOv11,0.25,0,0,0,0,0,1,False,False,val_dataset_root,1.0,0.0,0.0,0.0
IMG_1777_jpg.rf.19a231026e1c02bc58275d14f77f209e.jpg,YOLOv12n,0.25,0,0,0,0,0,1,False,False,val_dataset_root,1.0,0.0,0.0,0.0
IMG_1777_jpg.rf.19a231026e1c02bc58275d14f77f209e.jpg,YOLOv8-FPN,0.25,0,0,0,0,0,1,False,False,val_dataset_root,1.0,0.0,0.0,0.0
IMG_1777_jpg.rf.19a231026e1c02bc58275d14f77f209e.jpg,YOLOv8n,0.5,0,0,0,0,0,1,False,False,val_dataset_root,1.0,0.0,0.0,0.0
IMG_1777_jpg.rf.19a231026e1c02bc58275d14f77f209e.jpg,YOLOv9c,0.5,0,0,0,0,0,1,False,False,val_dataset_root,1.0,0.0,0.0,0.0
IMG_1777_jpg.rf.19a231026e1c02bc58275d14f77f209e.jpg,YOLOv11,0.5,0,0,0,0,0,1,False,False,val_dataset_root,1.0,0.0,0.0,0.0
IMG_1777_jpg.rf.19a231026e1c02bc58275d14f77f209e.jpg,YOLOv12n,0.5,0,0,0,0,0,1,False,False,val_dataset_root,1.0,0.0,0.0,0.0
IMG_1777_jpg.rf.19a231026e1c02bc58275d14f77f209e.jpg,YOLOv8-FPN,0.5,0,0,0,0,0,1,False,False,val_dataset_root,1.0,0.0,0.0,0.0
IMG_1777_jpg.rf.19a231026e1c02bc58275d14f77f209e.jpg,YOLOv8n,0.7,0,0,0,0,0,1,False,False,val_dataset_root,1.0,0.0,0.0,0.0
IMG_1777_jpg.rf.19a231026e1c02bc58275d14f77f209e.jpg,YOLOv9c,0.7,0,0,0,0,0,1,False,False,val_dataset_root,1.0,0.0,0.0,0.0
IMG_1777_jpg.rf.19a231026e1c02bc58275d14f77f209e.jpg,YOLOv11,0.7,0,0,0,0,0,1,False,False,val_dataset_root,1.0,0.0,0.0,0.0
IMG_1777_jpg.rf.19a231026e1c02bc58275d14f77f209e.jpg,YOLOv12n,0.7,0,0,0,0,0,1,False,False,val_dataset_root,1.0,0.0,0.0,0.0
IMG_1777_jpg.rf.19a231026e1c02bc58275d14f77f209e.jpg,YOLOv8-FPN,0.7,0,0,0,0,0,1,False,False,val_dataset_root,1.0,0.0,0.0,0.0
IMG_1763_jpg.rf.6e1b66bdab3bb4b4f89f1898afaefe38.jpg,YOLOv8n,0.25,0,0,0,0,0,1,False,False,val_dataset_root,1.0,0.0,0.0,0.0
IMG_1763_jpg.rf.6e1b66bdab3bb4b4f89f1898afaefe38.jpg,YOLOv9c,0.25,0,0,0,0,0,1,False,False,val_dataset_root,1.0,0.0,0.0,0.0
IMG_1763_jpg.rf.6e1b66bdab3bb4b4f89f1898afaefe38.jpg,YOLOv11,0.25,0,0,0,0,0,1,False,False,val_dataset_root,1.0,0.0,0.0,0.0
IMG_1763_jpg.rf.6e1b66bdab3bb4b4f89f1898afaefe38.jpg,YOLOv12n,0.25,0,0,0,0,0,1,False,False,val_dataset_root,1.0,0.0,0.0,0.0
IMG_1763_jpg.rf.6e1b66bdab3bb4b4f89f1898afaefe38.jpg,YOLOv8-FPN,0.25,0,0,0,0,0,1,False,False,val_dataset_root,1.0,0.0,0.0,0.0
IMG_1763_jpg.rf.6e1b66bdab3bb4b4f89f1898afaefe38.jpg,YOLOv8n,0.5,0,0,0,0,0,1,False,False,val_dataset_root,1.0,0.0,0.0,0.0
IMG_1763_jpg.rf.6e1b66bdab3bb4b4f89f1898afaefe38.jpg,YOLOv9c,0.5,0,0,0,0,0,1,False,False,val_dataset_root,1.0,0.0,0.0,0.0
IMG_1763_jpg.rf.6e1b66bdab3bb4b4f89f1898afaefe38.jpg,YOLOv11,0.5,0,0,0,0,0,1,False,False,val_dataset_root,1.0,0.0,0.0,0.0
IMG_1763_jpg.rf.6e1b66bdab3bb4b4f89f1898afaefe38.jpg,YOLOv12n,0.5,0,0,0,0,0,1,False,False,val_dataset_root,1.0,0.0,0.0,0.0
IMG_1763_jpg.rf.6e1b66bdab3bb4b4f89f1898afaefe38.jpg,YOLOv8-FPN,0.5,0,0,0,0,0,1,False,False,val_dataset_root,1.0,0.0,0.0,0.0
IMG_1763_jpg.rf.6e1b66bdab3bb4b4f89f1898afaefe38.jpg,YOLOv8n,0.7,0,0,0,0,0,1,False,False,val_dataset_root,1.0,0.0,0.0,0.0
IMG_1763_jpg.rf.6e1b66bdab3bb4b4f89f1898afaefe38.jpg,YOLOv9c,0.7,0,0,0,0,0,1,False,False,val_dataset_root,1.0,0.0,0.0,0.0
IMG_1763_jpg.rf.6e1b66bdab3bb4b4f89f1898afaefe38.jpg,YOLOv11,0.7,0,0,0,0,0,1,False,False,val_dataset_root,1.0,0.0,0.0,0.0
IMG_1763_jpg.rf.6e1b66bdab3bb4b4f89f1898afaefe38.jpg,YOLOv12n,0.7,0,0,0,0,0,1,False,False,val_dataset_root,1.0,0.0,0.0,0.0
IMG_1763_jpg.rf.6e1b66bdab3bb4b4f89f1898afaefe38.jpg,YOLOv8-FPN,0.7,0,0,0,0,0,1,False,False,val_dataset_root,1.0,0.0,0.0,0.0
frame327_jpg.rf.f1a2a4de92f49a4de8a0cf9d23cc9cd4.jpg,YOLOv8n,0.25,1,1,1,0,0,0,True,True,dataset_root,1.0,1.0,1.0,1.0
frame327_jpg.rf.f1a2a4de92f49a4de8a0cf9d23cc9cd4.jpg,YOLOv9c,0.25,1,1,1,0,0,0,True,True,dataset_root,1.0,1.0,1.0,1.0
frame327_jpg.rf.f1a2a4de92f49a4de8a0cf9d23cc9cd4.jpg,YOLOv11,0.25,1,1,1,0,0,0,True,True,dataset_root,1.0,1.0,1.0,1.0
frame327_jpg.rf.f1a2a4de92f49a4de8a0cf9d23cc9cd4.jpg,YOLOv12n,0.25,1,1,1,0,0,0,True,True,dataset_root,1.0,1.0,1.0,1.0
frame327_jpg.rf.f1a2a4de92f49a4de8a0cf9d23cc9cd4.jpg,YOLOv8-FPN,0.25,1,1,1,0,0,0,True,True,dataset_root,1.0,1.0,1.0,1.0
frame327_jpg.rf.f1a2a4de92f49a4de8a0cf9d23cc9cd4.jpg,YOLOv8n,0.5,1,1,1,0,0,0,True,True,dataset_root,1.0,1.0,1.0,1.0
frame327_jpg.rf.f1a2a4de92f49a4de8a0cf9d23cc9cd4.jpg,YOLOv9c,0.5,1,1,1,0,0,0,True,True,dataset_root,1.0,1.0,1.0,1.0
frame327_jpg.rf.f1a2a4de92f49a4de8a0cf9d23cc9cd4.jpg,YOLOv11,0.5,1,1,1,0,0,0,True,True,dataset_root,1.0,1.0,1.0,1.0
frame327_jpg.rf.f1a2a4de92f49a4de8a0cf9d23cc9cd4.jpg,YOLOv12n,0.5,1,1,1,0,0,0,True,True,dataset_root,1.0,1.0,1.0,1.0
frame327_jpg.rf.f1a2a4de92f49a4de8a0cf9d23cc9cd4.jpg,YOLOv8-FPN,0.5,1,1,1,0,0,0,True,True,dataset_root,1.0,1.0,1.0,1.0
frame327_jpg.rf.f1a2a4de92f49a4de8a0cf9d23cc9cd4.jpg,YOLOv8n,0.7,1,1,1,0,0,0,True,True,dataset_root,1.0,1.0,1.0,1.0
frame327_jpg.rf.f1a2a4de92f49a4de8a0cf9d23cc9cd4.jpg,YOLOv9c,0.7,1,0,0,0,1,0,True,False,dataset_root,0.0,0.0,0.0,0.0
frame327_jpg.rf.f1a2a4de92f49a4de8a0cf9d23cc9cd4.jpg,YOLOv11,0.7,1,0,0,0,1,0,True,False,dataset_root,0.0,0.0,0.0,0.0
frame327_jpg.rf.f1a2a4de92f49a4de8a0cf9d23cc9cd4.jpg,YOLOv12n,0.7,1,1,1,0,0,0,True,True,dataset_root,1.0,1.0,1.0,1.0
frame327_jpg.rf.f1a2a4de92f49a4de8a0cf9d23cc9cd4.jpg,YOLOv8-FPN,0.7,1,0,0,0,1,0,True,False,dataset_root,0.0,0.0,0.0,0.0
img-409_jpg.rf.3abd80b9f80b1d350109c6d978610e80.jpg,YOLOv8n,0.25,3,3,3,0,0,0,True,True,dataset_root,1.0,1.0,1.0,1.0
img-409_jpg.rf.3abd80b9f80b1d350109c6d978610e80.jpg,YOLOv9c,0.25,3,3,3,0,0,0,True,True,dataset_root,1.0,1.0,1.0,1.0
img-409_jpg.rf.3abd80b9f80b1d350109c6d978610e80.jpg,YOLOv11,0.25,3,2,2,0,1,0,True,True,dataset_root,0.6666666666666666,1.0,0.6666666666666666,0.8
img-409_jpg.rf.3abd80b9f80b1d350109c6d978610e80.jpg,YOLOv12n,0.25,3,2,2,0,1,0,True,True,dataset_root,0.6666666666666666,1.0,0.6666666666666666,0.8
img-409_jpg.rf.3abd80b9f80b1d350109c6d978610e80.jpg,YOLOv8-FPN,0.25,3,2,2,0,1,0,True,True,dataset_root,0.6666666666666666,1.0,0.6666666666666666,0.8
img-409_jpg.rf.3abd80b9f80b1d350109c6d978610e80.jpg,YOLOv8n,0.5,3,2,2,0,1,0,True,True,dataset_root,0.6666666666666666,1.0,0.6666666666666666,0.8
img-409_jpg.rf.3abd80b9f80b1d350109c6d978610e80.jpg,YOLOv9c,0.5,3,2,2,0,1,0,True,True,dataset_root,0.6666666666666666,1.0,0.6666666666666666,0.8
img-409_jpg.rf.3abd80b9f80b1d350109c6d978610e80.jpg,YOLOv11,0.5,3,2,2,0,1,0,True,True,dataset_root,0.6666666666666666,1.0,0.6666666666666666,0.8
img-409_jpg.rf.3abd80b9f80b1d350109c6d978610e80.jpg,YOLOv12n,0.5,3,2,2,0,1,0,True,True,dataset_root,0.6666666666666666,1.0,0.6666666666666666,0.8
img-409_jpg.rf.3abd80b9f80b1d350109c6d978610e80.jpg,YOLOv8-FPN,0.5,3,2,2,0,1,0,True,True,dataset_root,0.6666666666666666,1.0,0.6666666666666666,0.8
img-409_jpg.rf.3abd80b9f80b1d350109c6d978610e80.jpg,YOLOv8n,0.7,3,1,1,0,2,0,True,True,dataset_root,0.3333333333333333,1.0,0.3333333333333333,0.5
img-409_jpg.rf.3abd80b9f80b1d350109c6d978610e80.jpg,YOLOv9c,0.7,3,2,2,0,1,0,True,True,dataset_root,0.6666666666666666,1.0,0.6666666666666666,0.8
img-409_jpg.rf.3abd80b9f80b1d350109c6d978610e80.jpg,YOLOv11,0.7,3,2,2,0,1,0,True,True,dataset_root,0.6666666666666666,1.0,0.6666666666666666,0.8
img-409_jpg.rf.3abd80b9f80b1d350109c6d978610e80.jpg,YOLOv12n,0.7,3,2,2,0,1,0,True,True,dataset_root,0.6666666666666666,1.0,0.6666666666666666,0.8
img-409_jpg.rf.3abd80b9f80b1d350109c6d978610e80.jpg,YOLOv8-FPN,0.7,3,1,1,0,2,0,True,True,dataset_root,0.3333333333333333,1.0,0.3333333333333333,0.5
img-221_jpg.rf.a9394886742e1e193ae4f4e53707ad3a.jpg,YOLOv8n,0.25,3,1,1,0,2,0,True,True,dataset_root,0.3333333333333333,1.0,0.3333333333333333,0.5
img-221_jpg.rf.a9394886742e1e193ae4f4e53707ad3a.jpg,YOLOv9c,0.25,3,1,1,0,2,0,True,True,dataset_root,0.3333333333333333,1.0,0.3333333333333333,0.5
img-221_jpg.rf.a9394886742e1e193ae4f4e53707ad3a.jpg,YOLOv11,0.25,3,2,1,1,2,0,True,True,dataset_root,0.25,0.5,0.3333333333333333,0.4
img-221_jpg.rf.a9394886742e1e193ae4f4e53707ad3a.jpg,YOLOv12n,0.25,3,1,1,0,2,0,True,True,dataset_root,0.3333333333333333,1.0,0.3333333333333333,0.5
img-221_jpg.rf.a9394886742e1e193ae4f4e53707ad3a.jpg,YOLOv8-FPN,0.25,3,3,1,2,2,0,True,True,dataset_root,0.2,0.3333333333333333,0.3333333333333333,0.3333333333333333
img-221_jpg.rf.a9394886742e1e193ae4f4e53707ad3a.jpg,YOLOv8n,0.5,3,1,1,0,2,0,True,True,dataset_root,0.3333333333333333,1.0,0.3333333333333333,0.5
img-221_jpg.rf.a9394886742e1e193ae4f4e53707ad3a.jpg,YOLOv9c,0.5,3,1,1,0,2,0,True,True,dataset_root,0.3333333333333333,1.0,0.3333333333333333,0.5
img-221_jpg.rf.a9394886742e1e193ae4f4e53707ad3a.jpg,YOLOv11,0.5,3,1,1,0,2,0,True,True,dataset_root,0.3333333333333333,1.0,0.3333333333333333,0.5
img-221_jpg.rf.a9394886742e1e193ae4f4e53707ad3a.jpg,YOLOv12n,0.5,3,1,1,0,2,0,True,True,dataset_root,0.3333333333333333,1.0,0.3333333333333333,0.5
img-221_jpg.rf.a9394886742e1e193ae4f4e53707ad3a.jpg,YOLOv8-FPN,0.5,3,1,1,0,2,0,True,True,dataset_root,0.3333333333333333,1.0,0.3333333333333333,0.5
img-221_jpg.rf.a9394886742e1e193ae4f4e53707ad3a.jpg,YOLOv8n,0.7,3,1,1,0,2,0,True,True,dataset_root,0.3333333333333333,1.0,0.3333333333333333,0.5
img-221_jpg.rf.a9394886742e1e193ae4f4e53707ad3a.jpg,YOLOv9c,0.7,3,1,1,0,2,0,True,True,dataset_root,0.3333333333333333,1.0,0.3333333333333333,0.5
img-221_jpg.rf.a9394886742e1e193ae4f4e53707ad3a.jpg,YOLOv11,0.7,3,0,0,0,3,0,True,False,dataset_root,0.0,0.0,0.0,0.0
img-221_jpg.rf.a9394886742e1e193ae4f4e53707ad3a.jpg,YOLOv12n,0.7,3,0,0,0,3,0,True,False,dataset_root,0.0,0.0,0.0,0.0
img-221_jpg.rf.a9394886742e1e193ae4f4e53707ad3a.jpg,YOLOv8-FPN,0.7,3,1,1,0,2,0,True,True,dataset_root,0.3333333333333333,1.0,0.3333333333333333,0.5
po_306_jpg.rf.ca58660567d41801148a4011260d89cc.jpg,YOLOv8n,0.25,4,1,1,0,3,0,True,True,dataset_root,0.25,1.0,0.25,0.4
po_306_jpg.rf.ca58660567d41801148a4011260d89cc.jpg,YOLOv9c,0.25,4,4,3,1,1,0,True,True,dataset_root,0.6,0.75,0.75,0.75
po_306_jpg.rf.ca58660567d41801148a4011260d89cc.jpg,YOLOv11,0.25,4,2,1,1,3,0,True,True,dataset_root,0.2,0.5,0.25,0.3333333333333333
po_306_jpg.rf.ca58660567d41801148a4011260d89cc.jpg,YOLOv12n,0.25,4,2,1,1,3,0,True,True,dataset_root,0.2,0.5,0.25,0.3333333333333333
po_306_jpg.rf.ca58660567d41801148a4011260d89cc.jpg,YOLOv8-FPN,0.25,4,2,1,1,3,0,True,True,dataset_root,0.2,0.5,0.25,0.3333333333333333
po_306_jpg.rf.ca58660567d41801148a4011260d89cc.jpg,YOLOv8n,0.5,4,1,1,0,3,0,True,True,dataset_root,0.25,1.0,0.25,0.4
po_306_jpg.rf.ca58660567d41801148a4011260d89cc.jpg,YOLOv9c,0.5,4,2,2,0,2,0,True,True,dataset_root,0.5,1.0,0.5,0.6666666666666666
po_306_jpg.rf.ca58660567d41801148a4011260d89cc.jpg,YOLOv11,0.5,4,1,1,0,3,0,True,True,dataset_root,0.25,1.0,0.25,0.4
po_306_jpg.rf.ca58660567d41801148a4011260d89cc.jpg,YOLOv12n,0.5,4,2,1,1,3,0,True,True,dataset_root,0.2,0.5,0.25,0.3333333333333333
po_306_jpg.rf.ca58660567d41801148a4011260d89cc.jpg,YOLOv8-FPN,0.5,4,0,0,0,4,0,True,False,dataset_root,0.0,0.0,0.0,0.0
po_306_jpg.rf.ca58660567d41801148a4011260d89cc.jpg,YOLOv8n,0.7,4,0,0,0,4,0,True,False,dataset_root,0.0,0.0,0.0,0.0
po_306_jpg.rf.ca58660567d41801148a4011260d89cc.jpg,YOLOv9c,0.7,4,0,0,0,4,0,True,False,dataset_root,0.0,0.0,0.0,0.0
po_306_jpg.rf.ca58660567d41801148a4011260d89cc.jpg,YOLOv11,0.7,4,0,0,0,4,0,True,False,dataset_root,0.0,0.0,0.0,0.0
po_306_jpg.rf.ca58660567d41801148a4011260d89cc.jpg,YOLOv12n,0.7,4,0,0,0,4,0,True,False,dataset_root,0.0,0.0,0.0,0.0
po_306_jpg.rf.ca58660567d41801148a4011260d89cc.jpg,YOLOv8-FPN,0.7,4,0,0,0,4,0,True,False,dataset_root,0.0,0.0,0.0,0.0
261_jpg.rf.0f292a587e8839f874e3ce2fe5ac5fd8.jpg,YOLOv8n,0.25,1,1,1,0,0,0,True,True,dataset_root,1.0,1.0,1.0,1.0
261_jpg.rf.0f292a587e8839f874e3ce2fe5ac5fd8.jpg,YOLOv9c,0.25,1,1,1,0,0,0,True,True,dataset_root,1.0,1.0,1.0,1.0
261_jpg.rf.0f292a587e8839f874e3ce2fe5ac5fd8.jpg,YOLOv11,0.25,1,1,1,0,0,0,True,True,dataset_root,1.0,1.0,1.0,1.0
261_jpg.rf.0f292a587e8839f874e3ce2fe5ac5fd8.jpg,YOLOv12n,0.25,1,1,1,0,0,0,True,True,dataset_root,1.0,1.0,1.0,1.0
261_jpg.rf.0f292a587e8839f874e3ce2fe5ac5fd8.jpg,YOLOv8-FPN,0.25,1,1,1,0,0,0,True,True,dataset_root,1.0,1.0,1.0,1.0
261_jpg.rf.0f292a587e8839f874e3ce2fe5ac5fd8.jpg,YOLOv8n,0.5,1,1,1,0,0,0,True,True,dataset_root,1.0,1.0,1.0,1.0
261_jpg.rf.0f292a587e8839f874e3ce2fe5ac5fd8.jpg,YOLOv9c,0.5,1,1,1,0,0,0,True,True,dataset_root,1.0,1.0,1.0,1.0
261_jpg.rf.0f292a587e8839f874e3ce2fe5ac5fd8.jpg,YOLOv11,0.5,1,1,1,0,0,0,True,True,dataset_root,1.0,1.0,1.0,1.0
261_jpg.rf.0f292a587e8839f874e3ce2fe5ac5fd8.jpg,YOLOv12n,0.5,1,1,1,0,0,0,True,True,dataset_root,1.0,1.0,1.0,1.0
261_jpg.rf.0f292a587e8839f874e3ce2fe5ac5fd8.jpg,YOLOv8-FPN,0.5,1,1,1,0,0,0,True,True,dataset_root,1.0,1.0,1.0,1.0
261_jpg.rf.0f292a587e8839f874e3ce2fe5ac5fd8.jpg,YOLOv8n,0.7,1,1,1,0,0,0,True,True,dataset_root,1.0,1.0,1.0,1.0
261_jpg.rf.0f292a587e8839f874e3ce2fe5ac5fd8.jpg,YOLOv9c,0.7,1,0,0,0,1,0,True,False,dataset_root,0.0,0.0,0.0,0.0
261_jpg.rf.0f292a587e8839f874e3ce2fe5ac5fd8.jpg,YOLOv11,0.7,1,1,1,0,0,0,True,True,dataset_root,1.0,1.0,1.0,1.0
261_jpg.rf.0f292a587e8839f874e3ce2fe5ac5fd8.jpg,YOLOv12n,0.7,1,1,1,0,0,0,True,True,dataset_root,1.0,1.0,1.0,1.0
261_jpg.rf.0f292a587e8839f874e3ce2fe5ac5fd8.jpg,YOLOv8-FPN,0.7,1,1,1,0,0,0,True,True,dataset_root,1.0,1.0,1.0,1.0
img-483_jpg.rf.504624f9fec1c01ddc90c99c0d2f8f26.jpg,YOLOv8n,0.25,1,1,1,0,0,0,True,True,dataset_root,1.0,1.0,1.0,1.0
img-483_jpg.rf.504624f9fec1c01ddc90c99c0d2f8f26.jpg,YOLOv9c,0.25,1,1,1,0,0,0,True,True,dataset_root,1.0,1.0,1.0,1.0
img-483_jpg.rf.504624f9fec1c01ddc90c99c0d2f8f26.jpg,YOLOv11,0.25,1,1,1,0,0,0,True,True,dataset_root,1.0,1.0,1.0,1.0
img-483_jpg.rf.504624f9fec1c01ddc90c99c0d2f8f26.jpg,YOLOv12n,0.25,1,1,1,0,0,0,True,True,dataset_root,1.0,1.0,1.0,1.0
img-483_jpg.rf.504624f9fec1c01ddc90c99c0d2f8f26.jpg,YOLOv8-FPN,0.25,1,1,1,0,0,0,True,True,dataset_root,1.0,1.0,1.0,1.0
img-483_jpg.rf.504624f9fec1c01ddc90c99c0d2f8f26.jpg,YOLOv8n,0.5,1,1,1,0,0,0,True,True,dataset_root,1.0,1.0,1.0,1.0
img-483_jpg.rf.504624f9fec1c01ddc90c99c0d2f8f26.jpg,YOLOv9c,0.5,1,1,1,0,0,0,True,True,dataset_root,1.0,1.0,1.0,1.0
img-483_jpg.rf.504624f9fec1c01ddc90c99c0d2f8f26.jpg,YOLOv11,0.5,1,1,1,0,0,0,True,True,dataset_root,1.0,1.0,1.0,1.0
img-483_jpg.rf.504624f9fec1c01ddc90c99c0d2f8f26.jpg,YOLOv12n,0.5,1,1,1,0,0,0,True,True,dataset_root,1.0,1.0,1.0,1.0
img-483_jpg.rf.504624f9fec1c01ddc90c99c0d2f8f26.jpg,YOLOv8-FPN,0.5,1,1,1,0,0,0,True,True,dataset_root,1.0,1.0,1.0,1.0
img-483_jpg.rf.504624f9fec1c01ddc90c99c0d2f8f26.jpg,YOLOv8n,0.7,1,1,1,0,0,0,True,True,dataset_root,1.0,1.0,1.0,1.0
img-483_jpg.rf.504624f9fec1c01ddc90c99c0d2f8f26.jpg,YOLOv9c,0.7,1,1,1,0,0,0,True,True,dataset_root,1.0,1.0,1.0,1.0
img-483_jpg.rf.504624f9fec1c01ddc90c99c0d2f8f26.jpg,YOLOv11,0.7,1,1,1,0,0,0,True,True,dataset_root,1.0,1.0,1.0,1.0
img-483_jpg.rf.504624f9fec1c01ddc90c99c0d2f8f26.jpg,YOLOv12n,0.7,1,1,1,0,0,0,True,True,dataset_root,1.0,1.0,1.0,1.0
img-483_jpg.rf.504624f9fec1c01ddc90c99c0d2f8f26.jpg,YOLOv8-FPN,0.7,1,1,1,0,0,0,True,True,dataset_root,1.0,1.0,1.0,1.0
img-203_jpg.rf.e31907f737ffc4d4cff865b67164eacf.jpg,YOLOv8n,0.25,3,5,3,2,0,0,True,True,dataset_root,0.6,0.6,1.0,0.7499999999999999
img-203_jpg.rf.e31907f737ffc4d4cff865b67164eacf.jpg,YOLOv9c,0.25,3,3,3,0,0,0,True,True,dataset_root,1.0,1.0,1.0,1.0
img-203_jpg.rf.e31907f737ffc4d4cff865b67164eacf.jpg,YOLOv11,0.25,3,3,3,0,0,0,True,True,dataset_root,1.0,1.0,1.0,1.0
img-203_jpg.rf.e31907f737ffc4d4cff865b67164eacf.jpg,YOLOv12n,0.25,3,4,3,1,0,0,True,True,dataset_root,0.75,0.75,1.0,0.8571428571428571
img-203_jpg.rf.e31907f737ffc4d4cff865b67164eacf.jpg,YOLOv8-FPN,0.25,3,5,3,2,0,0,True,True,dataset_root,0.6,0.6,1.0,0.7499999999999999
img-203_jpg.rf.e31907f737ffc4d4cff865b67164eacf.jpg,YOLOv8n,0.5,3,3,3,0,0,0,True,True,dataset_root,1.0,1.0,1.0,1.0
img-203_jpg.rf.e31907f737ffc4d4cff865b67164eacf.jpg,YOLOv9c,0.5,3,3,3,0,0,0,True,True,dataset_root,1.0,1.0,1.0,1.0
img-203_jpg.rf.e31907f737ffc4d4cff865b67164eacf.jpg,YOLOv11,0.5,3,1,1,0,2,0,True,True,dataset_root,0.3333333333333333,1.0,0.3333333333333333,0.5
img-203_jpg.rf.e31907f737ffc4d4cff865b67164eacf.jpg,YOLOv12n,0.5,3,1,1,0,2,0,True,True,dataset_root,0.3333333333333333,1.0,0.3333333333333333,0.5
img-203_jpg.rf.e31907f737ffc4d4cff865b67164eacf.jpg,YOLOv8-FPN,0.5,3,2,2,0,1,0,True,True,dataset_root,0.6666666666666666,1.0,0.6666666666666666,0.8
img-203_jpg.rf.e31907f737ffc4d4cff865b67164eacf.jpg,YOLOv8n,0.7,3,1,1,0,2,0,True,True,dataset_root,0.3333333333333333,1.0,0.3333333333333333,0.5
img-203_jpg.rf.e31907f737ffc4d4cff865b67164eacf.jpg,YOLOv9c,0.7,3,2,2,0,1,0,True,True,dataset_root,0.6666666666666666,1.0,0.6666666666666666,0.8
img-203_jpg.rf.e31907f737ffc4d4cff865b67164eacf.jpg,YOLOv11,0.7,3,1,1,0,2,0,True,True,dataset_root,0.3333333333333333,1.0,0.3333333333333333,0.5
img-203_jpg.rf.e31907f737ffc4d4cff865b67164eacf.jpg,YOLOv12n,0.7,3,1,1,0,2,0,True,True,dataset_root,0.3333333333333333,1.0,0.3333333333333333,0.5
img-203_jpg.rf.e31907f737ffc4d4cff865b67164eacf.jpg,YOLOv8-FPN,0.7,3,0,0,0,3,0,True,False,dataset_root,0.0,0.0,0.0,0.0
19_jpg.rf.b904a975f8a9d537a268375b95b16b86.jpg,YOLOv8n,0.25,3,3,2,1,1,0,True,True,dataset_root,0.5,0.6666666666666666,0.6666666666666666,0.6666666666666666
19_jpg.rf.b904a975f8a9d537a268375b95b16b86.jpg,YOLOv9c,0.25,3,3,3,0,0,0,True,True,dataset_root,1.0,1.0,1.0,1.0
19_jpg.rf.b904a975f8a9d537a268375b95b16b86.jpg,YOLOv11,0.25,3,2,2,0,1,0,True,True,dataset_root,0.6666666666666666,1.0,0.6666666666666666,0.8
19_jpg.rf.b904a975f8a9d537a268375b95b16b86.jpg,YOLOv12n,0.25,3,1,1,0,2,0,True,True,dataset_root,0.3333333333333333,1.0,0.3333333333333333,0.5
19_jpg.rf.b904a975f8a9d537a268375b95b16b86.jpg,YOLOv8-FPN,0.25,3,3,1,2,2,0,True,True,dataset_root,0.2,0.3333333333333333,0.3333333333333333,0.3333333333333333
19_jpg.rf.b904a975f8a9d537a268375b95b16b86.jpg,YOLOv8n,0.5,3,1,1,0,2,0,True,True,dataset_root,0.3333333333333333,1.0,0.3333333333333333,0.5
19_jpg.rf.b904a975f8a9d537a268375b95b16b86.jpg,YOLOv9c,0.5,3,1,1,0,2,0,True,True,dataset_root,0.3333333333333333,1.0,0.3333333333333333,0.5
19_jpg.rf.b904a975f8a9d537a268375b95b16b86.jpg,YOLOv11,0.5,3,0,0,0,3,0,True,False,dataset_root,0.0,0.0,0.0,0.0
19_jpg.rf.b904a975f8a9d537a268375b95b16b86.jpg,YOLOv12n,0.5,3,0,0,0,3,0,True,False,dataset_root,0.0,0.0,0.0,0.0
19_jpg.rf.b904a975f8a9d537a268375b95b16b86.jpg,YOLOv8-FPN,0.5,3,0,0,0,3,0,True,False,dataset_root,0.0,0.0,0.0,0.0
19_jpg.rf.b904a975f8a9d537a268375b95b16b86.jpg,YOLOv8n,0.7,3,0,0,0,3,0,True,False,dataset_root,0.0,0.0,0.0,0.0
19_jpg.rf.b904a975f8a9d537a268375b95b16b86.jpg,YOLOv9c,0.7,3,0,0,0,3,0,True,False,dataset_root,0.0,0.0,0.0,0.0
19_jpg.rf.b904a975f8a9d537a268375b95b16b86.jpg,YOLOv11,0.7,3,0,0,0,3,0,True,False,dataset_root,0.0,0.0,0.0,0.0
19_jpg.rf.b904a975f8a9d537a268375b95b16b86.jpg,YOLOv12n,0.7,3,0,0,0,3,0,True,False,dataset_root,0.0,0.0,0.0,0.0
19_jpg.rf.b904a975f8a9d537a268375b95b16b86.jpg,YOLOv8-FPN,0.7,3,0,0,0,3,0,True,False,dataset_root,0.0,0.0,0.0,0.0
196_jpg.rf.909f610543c36bf50045caf357515cf1.jpg,YOLOv8n,0.25,1,1,1,0,0,0,True,True,dataset_root,1.0,1.0,1.0,1.0
196_jpg.rf.909f610543c36bf50045caf357515cf1.jpg,YOLOv9c,0.25,1,1,1,0,0,0,True,True,dataset_root,1.0,1.0,1.0,1.0
196_jpg.rf.909f610543c36bf50045caf357515cf1.jpg,YOLOv11,0.25,1,1,1,0,0,0,True,True,dataset_root,1.0,1.0,1.0,1.0
196_jpg.rf.909f610543c36bf50045caf357515cf1.jpg,YOLOv12n,0.25,1,1,1,0,0,0,True,True,dataset_root,1.0,1.0,1.0,1.0
196_jpg.rf.909f610543c36bf50045caf357515cf1.jpg,YOLOv8-FPN,0.25,1,1,1,0,0,0,True,True,dataset_root,1.0,1.0,1.0,1.0
196_jpg.rf.909f610543c36bf50045caf357515cf1.jpg,YOLOv8n,0.5,1,1,1,0,0,0,True,True,dataset_root,1.0,1.0,1.0,1.0
196_jpg.rf.909f610543c36bf50045caf357515cf1.jpg,YOLOv9c,0.5,1,1,1,0,0,0,True,True,dataset_root,1.0,1.0,1.0,1.0
196_jpg.rf.909f610543c36bf50045caf357515cf1.jpg,YOLOv11,0.5,1,1,1,0,0,0,True,True,dataset_root,1.0,1.0,1.0,1.0
196_jpg.rf.909f610543c36bf50045caf357515cf1.jpg,YOLOv12n,0.5,1,1,1,0,0,0,True,True,dataset_root,1.0,1.0,1.0,1.0
196_jpg.rf.909f610543c36bf50045caf357515cf1.jpg,YOLOv8-FPN,0.5,1,0,0,0,1,0,True,False,dataset_root,0.0,0.0,0.0,0.0
196_jpg.rf.909f610543c36bf50045caf357515cf1.jpg,YOLOv8n,0.7,1,1,1,0,0,0,True,True,dataset_root,1.0,1.0,1.0,1.0
196_jpg.rf.909f610543c36bf50045caf357515cf1.jpg,YOLOv9c,0.7,1,1,1,0,0,0,True,True,dataset_root,1.0,1.0,1.0,1.0
196_jpg.rf.909f610543c36bf50045caf357515cf1.jpg,YOLOv11,0.7,1,0,0,0,1,0,True,False,dataset_root,0.0,0.0,0.0,0.0
196_jpg.rf.909f610543c36bf50045caf357515cf1.jpg,YOLOv12n,0.7,1,0,0,0,1,0,True,False,dataset_root,0.0,0.0,0.0,0.0
196_jpg.rf.909f610543c36bf50045caf357515cf1.jpg,YOLOv8-FPN,0.7,1,0,0,0,1,0,True,False,dataset_root,0.0,0.0,0.0,0.0
443_png.rf.440b9e7da8e5962491966b0d80eea364.jpg,YOLOv8n,0.25,2,2,2,0,0,0,True,True,dataset_root,1.0,1.0,1.0,1.0
443_png.rf.440b9e7da8e5962491966b0d80eea364.jpg,YOLOv9c,0.25,2,1,1,0,1,0,True,True,dataset_root,0.5,1.0,0.5,0.6666666666666666
443_png.rf.440b9e7da8e5962491966b0d80eea364.jpg,YOLOv11,0.25,2,2,2,0,0,0,True,True,dataset_root,1.0,1.0,1.0,1.0
443_png.rf.440b9e7da8e5962491966b0d80eea364.jpg,YOLOv12n,0.25,2,1,1,0,1,0,True,True,dataset_root,0.5,1.0,0.5,0.6666666666666666
443_png.rf.440b9e7da8e5962491966b0d80eea364.jpg,YOLOv8-FPN,0.25,2,1,1,0,1,0,True,True,dataset_root,0.5,1.0,0.5,0.6666666666666666
443_png.rf.440b9e7da8e5962491966b0d80eea364.jpg,YOLOv8n,0.5,2,0,0,0,2,0,True,False,dataset_root,0.0,0.0,0.0,0.0
443_png.rf.440b9e7da8e5962491966b0d80eea364.jpg,YOLOv9c,0.5,2,1,1,0,1,0,True,True,dataset_root,0.5,1.0,0.5,0.6666666666666666
443_png.rf.440b9e7da8e5962491966b0d80eea364.jpg,YOLOv11,0.5,2,0,0,0,2,0,True,False,dataset_root,0.0,0.0,0.0,0.0
443_png.rf.440b9e7da8e5962491966b0d80eea364.jpg,YOLOv12n,0.5,2,0,0,0,2,0,True,False,dataset_root,0.0,0.0,0.0,0.0
443_png.rf.440b9e7da8e5962491966b0d80eea364.jpg,YOLOv8-FPN,0.5,2,0,0,0,2,0,True,False,dataset_root,0.0,0.0,0.0,0.0
443_png.rf.440b9e7da8e5962491966b0d80eea364.jpg,YOLOv8n,0.7,2,0,0,0,2,0,True,False,dataset_root,0.0,0.0,0.0,0.0
443_png.rf.440b9e7da8e5962491966b0d80eea364.jpg,YOLOv9c,0.7,2,0,0,0,2,0,True,False,dataset_root,0.0,0.0,0.0,0.0
443_png.rf.440b9e7da8e5962491966b0d80eea364.jpg,YOLOv11,0.7,2,0,0,0,2,0,True,False,dataset_root,0.0,0.0,0.0,0.0
443_png.rf.440b9e7da8e5962491966b0d80eea364.jpg,YOLOv12n,0.7,2,0,0,0,2,0,True,False,dataset_root,0.0,0.0,0.0,0.0
443_png.rf.440b9e7da8e5962491966b0d80eea364.jpg,YOLOv8-FPN,0.7,2,0,0,0,2,0,True,False,dataset_root,0.0,0.0,0.0,0.0
V0B_HY_4861_20210108_091837_E_CH2_Busan_Sun_Mainroad_Day_41619_png.rf.36e836f302b977c840581bd51f71d867.jpg,YOLOv8n,0.25,1,1,1,0,0,0,True,True,dataset_root,1.0,1.0,1.0,1.0
V0B_HY_4861_20210108_091837_E_CH2_Busan_Sun_Mainroad_Day_41619_png.rf.36e836f302b977c840581bd51f71d867.jpg,YOLOv9c,0.25,1,1,1,0,0,0,True,True,dataset_root,1.0,1.0,1.0,1.0
V0B_HY_4861_20210108_091837_E_CH2_Busan_Sun_Mainroad_Day_41619_png.rf.36e836f302b977c840581bd51f71d867.jpg,YOLOv11,0.25,1,1,1,0,0,0,True,True,dataset_root,1.0,1.0,1.0,1.0
V0B_HY_4861_20210108_091837_E_CH2_Busan_Sun_Mainroad_Day_41619_png.rf.36e836f302b977c840581bd51f71d867.jpg,YOLOv12n,0.25,1,1,1,0,0,0,True,True,dataset_root,1.0,1.0,1.0,1.0
V0B_HY_4861_20210108_091837_E_CH2_Busan_Sun_Mainroad_Day_41619_png.rf.36e836f302b977c840581bd51f71d867.jpg,YOLOv8-FPN,0.25,1,1,1,0,0,0,True,True,dataset_root,1.0,1.0,1.0,1.0
V0B_HY_4861_20210108_091837_E_CH2_Busan_Sun_Mainroad_Day_41619_png.rf.36e836f302b977c840581bd51f71d867.jpg,YOLOv8n,0.5,1,1,1,0,0,0,True,True,dataset_root,1.0,1.0,1.0,1.0
V0B_HY_4861_20210108_091837_E_CH2_Busan_Sun_Mainroad_Day_41619_png.rf.36e836f302b977c840581bd51f71d867.jpg,YOLOv9c,0.5,1,1,1,0,0,0,True,True,dataset_root,1.0,1.0,1.0,1.0
V0B_HY_4861_20210108_091837_E_CH2_Busan_Sun_Mainroad_Day_41619_png.rf.36e836f302b977c840581bd51f71d867.jpg,YOLOv11,0.5,1,1,1,0,0,0,True,True,dataset_root,1.0,1.0,1.0,1.0
V0B_HY_4861_20210108_091837_E_CH2_Busan_Sun_Mainroad_Day_41619_png.rf.36e836f302b977c840581bd51f71d867.jpg,YOLOv12n,0.5,1,1,1,0,0,0,True,True,dataset_root,1.0,1.0,1.0,1.0
V0B_HY_4861_20210108_091837_E_CH2_Busan_Sun_Mainroad_Day_41619_png.rf.36e836f302b977c840581bd51f71d867.jpg,YOLOv8-FPN,0.5,1,1,1,0,0,0,True,True,dataset_root,1.0,1.0,1.0,1.0
V0B_HY_4861_20210108_091837_E_CH2_Busan_Sun_Mainroad_Day_41619_png.rf.36e836f302b977c840581bd51f71d867.jpg,YOLOv8n,0.7,1,0,0,0,1,0,True,False,dataset_root,0.0,0.0,0.0,0.0
V0B_HY_4861_20210108_091837_E_CH2_Busan_Sun_Mainroad_Day_41619_png.rf.36e836f302b977c840581bd51f71d867.jpg,YOLOv9c,0.7,1,1,1,0,0,0,True,True,dataset_root,1.0,1.0,1.0,1.0
V0B_HY_4861_20210108_091837_E_CH2_Busan_Sun_Mainroad_Day_41619_png.rf.36e836f302b977c840581bd51f71d867.jpg,YOLOv11,0.7,1,0,0,0,1,0,True,False,dataset_root,0.0,0.0,0.0,0.0
V0B_HY_4861_20210108_091837_E_CH2_Busan_Sun_Mainroad_Day_41619_png.rf.36e836f302b977c840581bd51f71d867.jpg,YOLOv12n,0.7,1,0,0,0,1,0,True,False,dataset_root,0.0,0.0,0.0,0.0
V0B_HY_4861_20210108_091837_E_CH2_Busan_Sun_Mainroad_Day_41619_png.rf.36e836f302b977c840581bd51f71d867.jpg,YOLOv8-FPN,0.7,1,0,0,0,1,0,True,False,dataset_root,0.0,0.0,0.0,0.0
164_png.rf.11f1e0f38fae3e7a7f8c5fc424ab0fdb.jpg,YOLOv8n,0.25,3,4,3,1,0,0,True,True,dataset_root,0.75,0.75,1.0,0.8571428571428571
164_png.rf.11f1e0f38fae3e7a7f8c5fc424ab0fdb.jpg,YOLOv9c,0.25,3,3,3,0,0,0,True,True,dataset_root,1.0,1.0,1.0,1.0
164_png.rf.11f1e0f38fae3e7a7f8c5fc424ab0fdb.jpg,YOLOv11,0.25,3,3,3,0,0,0,True,True,dataset_root,1.0,1.0,1.0,1.0
164_png.rf.11f1e0f38fae3e7a7f8c5fc424ab0fdb.jpg,YOLOv12n,0.25,3,4,3,1,0,0,True,True,dataset_root,0.75,0.75,1.0,0.8571428571428571
164_png.rf.11f1e0f38fae3e7a7f8c5fc424ab0fdb.jpg,YOLOv8-FPN,0.25,3,3,3,0,0,0,True,True,dataset_root,1.0,1.0,1.0,1.0
164_png.rf.11f1e0f38fae3e7a7f8c5fc424ab0fdb.jpg,YOLOv8n,0.5,3,3,3,0,0,0,True,True,dataset_root,1.0,1.0,1.0,1.0
164_png.rf.11f1e0f38fae3e7a7f8c5fc424ab0fdb.jpg,YOLOv9c,0.5,3,3,3,0,0,0,True,True,dataset_root,1.0,1.0,1.0,1.0
164_png.rf.11f1e0f38fae3e7a7f8c5fc424ab0fdb.jpg,YOLOv11,0.5,3,3,3,0,0,0,True,True,dataset_root,1.0,1.0,1.0,1.0
164_png.rf.11f1e0f38fae3e7a7f8c5fc424ab0fdb.jpg,YOLOv12n,0.5,3,3,3,0,0,0,True,True,dataset_root,1.0,1.0,1.0,1.0
164_png.rf.11f1e0f38fae3e7a7f8c5fc424ab0fdb.jpg,YOLOv8-FPN,0.5,3,3,3,0,0,0,True,True,dataset_root,1.0,1.0,1.0,1.0
164_png.rf.11f1e0f38fae3e7a7f8c5fc424ab0fdb.jpg,YOLOv8n,0.7,3,2,2,0,1,0,True,True,dataset_root,0.6666666666666666,1.0,0.6666666666666666,0.8
164_png.rf.11f1e0f38fae3e7a7f8c5fc424ab0fdb.jpg,YOLOv9c,0.7,3,3,3,0,0,0,True,True,dataset_root,1.0,1.0,1.0,1.0
164_png.rf.11f1e0f38fae3e7a7f8c5fc424ab0fdb.jpg,YOLOv11,0.7,3,2,2,0,1,0,True,True,dataset_root,0.6666666666666666,1.0,0.6666666666666666,0.8
164_png.rf.11f1e0f38fae3e7a7f8c5fc424ab0fdb.jpg,YOLOv12n,0.7,3,1,1,0,2,0,True,True,dataset_root,0.3333333333333333,1.0,0.3333333333333333,0.5
164_png.rf.11f1e0f38fae3e7a7f8c5fc424ab0fdb.jpg,YOLOv8-FPN,0.7,3,2,2,0,1,0,True,True,dataset_root,0.6666666666666666,1.0,0.6666666666666666,0.8
img-417_jpg.rf.ba27f84209369e9c0f78f69ce721719f.jpg,YOLOv8n,0.25,1,1,1,0,0,0,True,True,dataset_root,1.0,1.0,1.0,1.0
img-417_jpg.rf.ba27f84209369e9c0f78f69ce721719f.jpg,YOLOv9c,0.25,1,1,1,0,0,0,True,True,dataset_root,1.0,1.0,1.0,1.0
img-417_jpg.rf.ba27f84209369e9c0f78f69ce721719f.jpg,YOLOv11,0.25,1,1,1,0,0,0,True,True,dataset_root,1.0,1.0,1.0,1.0
img-417_jpg.rf.ba27f84209369e9c0f78f69ce721719f.jpg,YOLOv12n,0.25,1,1,1,0,0,0,True,True,dataset_root,1.0,1.0,1.0,1.0
img-417_jpg.rf.ba27f84209369e9c0f78f69ce721719f.jpg,YOLOv8-FPN,0.25,1,1,1,0,0,0,True,True,dataset_root,1.0,1.0,1.0,1.0
img-417_jpg.rf.ba27f84209369e9c0f78f69ce721719f.jpg,YOLOv8n,0.5,1,1,1,0,0,0,True,True,dataset_root,1.0,1.0,1.0,1.0
img-417_jpg.rf.ba27f84209369e9c0f78f69ce721719f.jpg,YOLOv9c,0.5,1,1,1,0,0,0,True,True,dataset_root,1.0,1.0,1.0,1.0
img-417_jpg.rf.ba27f84209369e9c0f78f69ce721719f.jpg,YOLOv11,0.5,1,1,1,0,0,0,True,True,dataset_root,1.0,1.0,1.0,1.0
img-417_jpg.rf.ba27f84209369e9c0f78f69ce721719f.jpg,YOLOv12n,0.5,1,1,1,0,0,0,True,True,dataset_root,1.0,1.0,1.0,1.0
img-417_jpg.rf.ba27f84209369e9c0f78f69ce721719f.jpg,YOLOv8-FPN,0.5,1,1,1,0,0,0,True,True,dataset_root,1.0,1.0,1.0,1.0
img-417_jpg.rf.ba27f84209369e9c0f78f69ce721719f.jpg,YOLOv8n,0.7,1,1,1,0,0,0,True,True,dataset_root,1.0,1.0,1.0,1.0
img-417_jpg.rf.ba27f84209369e9c0f78f69ce721719f.jpg,YOLOv9c,0.7,1,1,1,0,0,0,True,True,dataset_root,1.0,1.0,1.0,1.0
img-417_jpg.rf.ba27f84209369e9c0f78f69ce721719f.jpg,YOLOv11,0.7,1,1,1,0,0,0,True,True,dataset_root,1.0,1.0,1.0,1.0
img-417_jpg.rf.ba27f84209369e9c0f78f69ce721719f.jpg,YOLOv12n,0.7,1,1,1,0,0,0,True,True,dataset_root,1.0,1.0,1.0,1.0
img-417_jpg.rf.ba27f84209369e9c0f78f69ce721719f.jpg,YOLOv8-FPN,0.7,1,1,1,0,0,0,True,True,dataset_root,1.0,1.0,1.0,1.0
0158_jpg.rf.b949c70b8f1fb634001a23bafdd03422.jpg,YOLOv8n,0.25,1,1,1,0,0,0,True,True,dataset_root,1.0,1.0,1.0,1.0
0158_jpg.rf.b949c70b8f1fb634001a23bafdd03422.jpg,YOLOv9c,0.25,1,1,1,0,0,0,True,True,dataset_root,1.0,1.0,1.0,1.0
0158_jpg.rf.b949c70b8f1fb634001a23bafdd03422.jpg,YOLOv11,0.25,1,2,1,1,0,0,True,True,dataset_root,0.5,0.5,1.0,0.6666666666666666
0158_jpg.rf.b949c70b8f1fb634001a23bafdd03422.jpg,YOLOv12n,0.25,1,1,1,0,0,0,True,True,dataset_root,1.0,1.0,1.0,1.0
0158_jpg.rf.b949c70b8f1fb634001a23bafdd03422.jpg,YOLOv8-FPN,0.25,1,1,1,0,0,0,True,True,dataset_root,1.0,1.0,1.0,1.0
0158_jpg.rf.b949c70b8f1fb634001a23bafdd03422.jpg,YOLOv8n,0.5,1,1,1,0,0,0,True,True,dataset_root,1.0,1.0,1.0,1.0
0158_jpg.rf.b949c70b8f1fb634001a23bafdd03422.jpg,YOLOv9c,0.5,1,1,1,0,0,0,True,True,dataset_root,1.0,1.0,1.0,1.0
0158_jpg.rf.b949c70b8f1fb634001a23bafdd03422.jpg,YOLOv11,0.5,1,1,1,0,0,0,True,True,dataset_root,1.0,1.0,1.0,1.0
0158_jpg.rf.b949c70b8f1fb634001a23bafdd03422.jpg,YOLOv12n,0.5,1,1,1,0,0,0,True,True,dataset_root,1.0,1.0,1.0,1.0
0158_jpg.rf.b949c70b8f1fb634001a23bafdd03422.jpg,YOLOv8-FPN,0.5,1,1,1,0,0,0,True,True,dataset_root,1.0,1.0,1.0,1.0
0158_jpg.rf.b949c70b8f1fb634001a23bafdd03422.jpg,YOLOv8n,0.7,1,0,0,0,1,0,True,False,dataset_root,0.0,0.0,0.0,0.0
0158_jpg.rf.b949c70b8f1fb634001a23bafdd03422.jpg,YOLOv9c,0.7,1,0,0,0,1,0,True,False,dataset_root,0.0,0.0,0.0,0.0
0158_jpg.rf.b949c70b8f1fb634001a23bafdd03422.jpg,YOLOv11,0.7,1,1,1,0,0,0,True,True,dataset_root,1.0,1.0,1.0,1.0
0158_jpg.rf.b949c70b8f1fb634001a23bafdd03422.jpg,YOLOv12n,0.7,1,0,0,0,1,0,True,False,dataset_root,0.0,0.0,0.0,0.0
0158_jpg.rf.b949c70b8f1fb634001a23bafdd03422.jpg,YOLOv8-FPN,0.7,1,0,0,0,1,0,True,False,dataset_root,0.0,0.0,0.0,0.0
DASH_CAM_2016_01_29_-42_Miles_of_Potholes-_mp4-252_jpg.rf.17930d4a18898e0abc9c604a1daf8a0d.jpg,YOLOv8n,0.25,1,1,1,0,0,0,True,True,dataset_root,1.0,1.0,1.0,1.0
DASH_CAM_2016_01_29_-42_Miles_of_Potholes-_mp4-252_jpg.rf.17930d4a18898e0abc9c604a1daf8a0d.jpg,YOLOv9c,0.25,1,2,1,1,0,0,True,True,dataset_root,0.5,0.5,1.0,0.6666666666666666
DASH_CAM_2016_01_29_-42_Miles_of_Potholes-_mp4-252_jpg.rf.17930d4a18898e0abc9c604a1daf8a0d.jpg,YOLOv11,0.25,1,2,1,1,0,0,True,True,dataset_root,0.5,0.5,1.0,0.6666666666666666
DASH_CAM_2016_01_29_-42_Miles_of_Potholes-_mp4-252_jpg.rf.17930d4a18898e0abc9c604a1daf8a0d.jpg,YOLOv12n,0.25,1,1,1,0,0,0,True,True,dataset_root,1.0,1.0,1.0,1.0
DASH_CAM_2016_01_29_-42_Miles_of_Potholes-_mp4-252_jpg.rf.17930d4a18898e0abc9c604a1daf8a0d.jpg,YOLOv8-FPN,0.25,1,1,1,0,0,0,True,True,dataset_root,1.0,1.0,1.0,1.0
DASH_CAM_2016_01_29_-42_Miles_of_Potholes-_mp4-252_jpg.rf.17930d4a18898e0abc9c604a1daf8a0d.jpg,YOLOv8n,0.5,1,0,0,0,1,0,True,False,dataset_root,0.0,0.0,0.0,0.0
DASH_CAM_2016_01_29_-42_Miles_of_Potholes-_mp4-252_jpg.rf.17930d4a18898e0abc9c604a1daf8a0d.jpg,YOLOv9c,0.5,1,0,0,0,1,0,True,False,dataset_root,0.0,0.0,0.0,0.0
DASH_CAM_2016_01_29_-42_Miles_of_Potholes-_mp4-252_jpg.rf.17930d4a18898e0abc9c604a1daf8a0d.jpg,YOLOv11,0.5,1,0,0,0,1,0,True,False,dataset_root,0.0,0.0,0.0,0.0
DASH_CAM_2016_01_29_-42_Miles_of_Potholes-_mp4-252_jpg.rf.17930d4a18898e0abc9c604a1daf8a0d.jpg,YOLOv12n,0.5,1,0,0,0,1,0,True,False,dataset_root,0.0,0.0,0.0,0.0
DASH_CAM_2016_01_29_-42_Miles_of_Potholes-_mp4-252_jpg.rf.17930d4a18898e0abc9c604a1daf8a0d.jpg,YOLOv8-FPN,0.5,1,0,0,0,1,0,True,False,dataset_root,0.0,0.0,0.0,0.0
DASH_CAM_2016_01_29_-42_Miles_of_Potholes-_mp4-252_jpg.rf.17930d4a18898e0abc9c604a1daf8a0d.jpg,YOLOv8n,0.7,1,0,0,0,1,0,True,False,dataset_root,0.0,0.0,0.0,0.0
DASH_CAM_2016_01_29_-42_Miles_of_Potholes-_mp4-252_jpg.rf.17930d4a18898e0abc9c604a1daf8a0d.jpg,YOLOv9c,0.7,1,0,0,0,1,0,True,False,dataset_root,0.0,0.0,0.0,0.0
DASH_CAM_2016_01_29_-42_Miles_of_Potholes-_mp4-252_jpg.rf.17930d4a18898e0abc9c604a1daf8a0d.jpg,YOLOv11,0.7,1,0,0,0,1,0,True,False,dataset_root,0.0,0.0,0.0,0.0
DASH_CAM_2016_01_29_-42_Miles_of_Potholes-_mp4-252_jpg.rf.17930d4a18898e0abc9c604a1daf8a0d.jpg,YOLOv12n,0.7,1,0,0,0,1,0,True,False,dataset_root,0.0,0.0,0.0,0.0
DASH_CAM_2016_01_29_-42_Miles_of_Potholes-_mp4-252_jpg.rf.17930d4a18898e0abc9c604a1daf8a0d.jpg,YOLOv8-FPN,0.7,1,0,0,0,1,0,True,False,dataset_root,0.0,0.0,0.0,0.0
64_jpg.rf.dcf6bb41dbb4b26d1fba3a7fd37853b0.jpg,YOLOv8n,0.25,1,1,1,0,0,0,True,True,dataset_root,1.0,1.0,1.0,1.0
64_jpg.rf.dcf6bb41dbb4b26d1fba3a7fd37853b0.jpg,YOLOv9c,0.25,1,1,1,0,0,0,True,True,dataset_root,1.0,1.0,1.0,1.0
64_jpg.rf.dcf6bb41dbb4b26d1fba3a7fd37853b0.jpg,YOLOv11,0.25,1,1,1,0,0,0,True,True,dataset_root,1.0,1.0,1.0,1.0
64_jpg.rf.dcf6bb41dbb4b26d1fba3a7fd37853b0.jpg,YOLOv12n,0.25,1,1,1,0,0,0,True,True,dataset_root,1.0,1.0,1.0,1.0
64_jpg.rf.dcf6bb41dbb4b26d1fba3a7fd37853b0.jpg,YOLOv8-FPN,0.25,1,1,1,0,0,0,True,True,dataset_root,1.0,1.0,1.0,1.0
64_jpg.rf.dcf6bb41dbb4b26d1fba3a7fd37853b0.jpg,YOLOv8n,0.5,1,1,1,0,0,0,True,True,dataset_root,1.0,1.0,1.0,1.0
64_jpg.rf.dcf6bb41dbb4b26d1fba3a7fd37853b0.jpg,YOLOv9c,0.5,1,1,1,0,0,0,True,True,dataset_root,1.0,1.0,1.0,1.0
64_jpg.rf.dcf6bb41dbb4b26d1fba3a7fd37853b0.jpg,YOLOv11,0.5,1,1,1,0,0,0,True,True,dataset_root,1.0,1.0,1.0,1.0
64_jpg.rf.dcf6bb41dbb4b26d1fba3a7fd37853b0.jpg,YOLOv12n,0.5,1,1,1,0,0,0,True,True,dataset_root,1.0,1.0,1.0,1.0
64_jpg.rf.dcf6bb41dbb4b26d1fba3a7fd37853b0.jpg,YOLOv8-FPN,0.5,1,1,1,0,0,0,True,True,dataset_root,1.0,1.0,1.0,1.0
64_jpg.rf.dcf6bb41dbb4b26d1fba3a7fd37853b0.jpg,YOLOv8n,0.7,1,1,1,0,0,0,True,True,dataset_root,1.0,1.0,1.0,1.0
64_jpg.rf.dcf6bb41dbb4b26d1fba3a7fd37853b0.jpg,YOLOv9c,0.7,1,1,1,0,0,0,True,True,dataset_root,1.0,1.0,1.0,1.0
64_jpg.rf.dcf6bb41dbb4b26d1fba3a7fd37853b0.jpg,YOLOv11,0.7,1,1,1,0,0,0,True,True,dataset_root,1.0,1.0,1.0,1.0
64_jpg.rf.dcf6bb41dbb4b26d1fba3a7fd37853b0.jpg,YOLOv12n,0.7,1,1,1,0,0,0,True,True,dataset_root,1.0,1.0,1.0,1.0
64_jpg.rf.dcf6bb41dbb4b26d1fba3a7fd37853b0.jpg,YOLOv8-FPN,0.7,1,1,1,0,0,0,True,True,dataset_root,1.0,1.0,1.0,1.0
potholes416_png.rf.15f53121b898c42777f3b73a74f87eb0.jpg,YOLOv8n,0.25,1,1,1,0,0,0,True,True,dataset_root,1.0,1.0,1.0,1.0
potholes416_png.rf.15f53121b898c42777f3b73a74f87eb0.jpg,YOLOv9c,0.25,1,1,1,0,0,0,True,True,dataset_root,1.0,1.0,1.0,1.0
potholes416_png.rf.15f53121b898c42777f3b73a74f87eb0.jpg,YOLOv11,0.25,1,1,1,0,0,0,True,True,dataset_root,1.0,1.0,1.0,1.0
potholes416_png.rf.15f53121b898c42777f3b73a74f87eb0.jpg,YOLOv12n,0.25,1,1,1,0,0,0,True,True,dataset_root,1.0,1.0,1.0,1.0
potholes416_png.rf.15f53121b898c42777f3b73a74f87eb0.jpg,YOLOv8-FPN,0.25,1,1,1,0,0,0,True,True,dataset_root,1.0,1.0,1.0,1.0
potholes416_png.rf.15f53121b898c42777f3b73a74f87eb0.jpg,YOLOv8n,0.5,1,1,1,0,0,0,True,True,dataset_root,1.0,1.0,1.0,1.0
potholes416_png.rf.15f53121b898c42777f3b73a74f87eb0.jpg,YOLOv9c,0.5,1,1,1,0,0,0,True,True,dataset_root,1.0,1.0,1.0,1.0
potholes416_png.rf.15f53121b898c42777f3b73a74f87eb0.jpg,YOLOv11,0.5,1,1,1,0,0,0,True,True,dataset_root,1.0,1.0,1.0,1.0
potholes416_png.rf.15f53121b898c42777f3b73a74f87eb0.jpg,YOLOv12n,0.5,1,1,1,0,0,0,True,True,dataset_root,1.0,1.0,1.0,1.0
potholes416_png.rf.15f53121b898c42777f3b73a74f87eb0.jpg,YOLOv8-FPN,0.5,1,1,1,0,0,0,True,True,dataset_root,1.0,1.0,1.0,1.0
potholes416_png.rf.15f53121b898c42777f3b73a74f87eb0.jpg,YOLOv8n,0.7,1,1,1,0,0,0,True,True,dataset_root,1.0,1.0,1.0,1.0
potholes416_png.rf.15f53121b898c42777f3b73a74f87eb0.jpg,YOLOv9c,0.7,1,1,1,0,0,0,True,True,dataset_root,1.0,1.0,1.0,1.0
potholes416_png.rf.15f53121b898c42777f3b73a74f87eb0.jpg,YOLOv11,0.7,1,1,1,0,0,0,True,True,dataset_root,1.0,1.0,1.0,1.0
potholes416_png.rf.15f53121b898c42777f3b73a74f87eb0.jpg,YOLOv12n,0.7,1,1,1,0,0,0,True,True,dataset_root,1.0,1.0,1.0,1.0
potholes416_png.rf.15f53121b898c42777f3b73a74f87eb0.jpg,YOLOv8-FPN,0.7,1,1,1,0,0,0,True,True,dataset_root,1.0,1.0,1.0,1.0
img-366_jpg.rf.8fbed21c4e0f508f2c7eac820cd33e60.jpg,YOLOv8n,0.25,1,1,1,0,0,0,True,True,dataset_root,1.0,1.0,1.0,1.0
img-366_jpg.rf.8fbed21c4e0f508f2c7eac820cd33e60.jpg,YOLOv9c,0.25,1,1,1,0,0,0,True,True,dataset_root,1.0,1.0,1.0,1.0
img-366_jpg.rf.8fbed21c4e0f508f2c7eac820cd33e60.jpg,YOLOv11,0.25,1,1,1,0,0,0,True,True,dataset_root,1.0,1.0,1.0,1.0
img-366_jpg.rf.8fbed21c4e0f508f2c7eac820cd33e60.jpg,YOLOv12n,0.25,1,1,1,0,0,0,True,True,dataset_root,1.0,1.0,1.0,1.0
img-366_jpg.rf.8fbed21c4e0f508f2c7eac820cd33e60.jpg,YOLOv8-FPN,0.25,1,1,1,0,0,0,True,True,dataset_root,1.0,1.0,1.0,1.0
img-366_jpg.rf.8fbed21c4e0f508f2c7eac820cd33e60.jpg,YOLOv8n,0.5,1,1,1,0,0,0,True,True,dataset_root,1.0,1.0,1.0,1.0
img-366_jpg.rf.8fbed21c4e0f508f2c7eac820cd33e60.jpg,YOLOv9c,0.5,1,1,1,0,0,0,True,True,dataset_root,1.0,1.0,1.0,1.0
img-366_jpg.rf.8fbed21c4e0f508f2c7eac820cd33e60.jpg,YOLOv11,0.5,1,1,1,0,0,0,True,True,dataset_root,1.0,1.0,1.0,1.0
img-366_jpg.rf.8fbed21c4e0f508f2c7eac820cd33e60.jpg,YOLOv12n,0.5,1,1,1,0,0,0,True,True,dataset_root,1.0,1.0,1.0,1.0
img-366_jpg.rf.8fbed21c4e0f508f2c7eac820cd33e60.jpg,YOLOv8-FPN,0.5,1,1,1,0,0,0,True,True,dataset_root,1.0,1.0,1.0,1.0
img-366_jpg.rf.8fbed21c4e0f508f2c7eac820cd33e60.jpg,YOLOv8n,0.7,1,1,1,0,0,0,True,True,dataset_root,1.0,1.0,1.0,1.0
img-366_jpg.rf.8fbed21c4e0f508f2c7eac820cd33e60.jpg,YOLOv9c,0.7,1,1,1,0,0,0,True,True,dataset_root,1.0,1.0,1.0,1.0
img-366_jpg.rf.8fbed21c4e0f508f2c7eac820cd33e60.jpg,YOLOv11,0.7,1,1,1,0,0,0,True,True,dataset_root,1.0,1.0,1.0,1.0
img-366_jpg.rf.8fbed21c4e0f508f2c7eac820cd33e60.jpg,YOLOv12n,0.7,1,1,1,0,0,0,True,True,dataset_root,1.0,1.0,1.0,1.0
img-366_jpg.rf.8fbed21c4e0f508f2c7eac820cd33e60.jpg,YOLOv8-FPN,0.7,1,0,0,0,1,0,True,False,dataset_root,0.0,0.0,0.0,0.0
AM_wet_CI04_20211021_111419_90_2_jpg.rf.b6c3617737d77e8fb466d814e2d7d4b2.jpg,YOLOv8n,0.25,1,1,1,0,0,0,True,True,dataset_root,1.0,1.0,1.0,1.0
AM_wet_CI04_20211021_111419_90_2_jpg.rf.b6c3617737d77e8fb466d814e2d7d4b2.jpg,YOLOv9c,0.25,1,1,1,0,0,0,True,True,dataset_root,1.0,1.0,1.0,1.0
AM_wet_CI04_20211021_111419_90_2_jpg.rf.b6c3617737d77e8fb466d814e2d7d4b2.jpg,YOLOv11,0.25,1,1,1,0,0,0,True,True,dataset_root,1.0,1.0,1.0,1.0
AM_wet_CI04_20211021_111419_90_2_jpg.rf.b6c3617737d77e8fb466d814e2d7d4b2.jpg,YOLOv12n,0.25,1,1,1,0,0,0,True,True,dataset_root,1.0,1.0,1.0,1.0
AM_wet_CI04_20211021_111419_90_2_jpg.rf.b6c3617737d77e8fb466d814e2d7d4b2.jpg,YOLOv8-FPN,0.25,1,1,1,0,0,0,True,True,dataset_root,1.0,1.0,1.0,1.0
AM_wet_CI04_20211021_111419_90_2_jpg.rf.b6c3617737d77e8fb466d814e2d7d4b2.jpg,YOLOv8n,0.5,1,1,1,0,0,0,True,True,dataset_root,1.0,1.0,1.0,1.0
AM_wet_CI04_20211021_111419_90_2_jpg.rf.b6c3617737d77e8fb466d814e2d7d4b2.jpg,YOLOv9c,0.5,1,1,1,0,0,0,True,True,dataset_root,1.0,1.0,1.0,1.0
AM_wet_CI04_20211021_111419_90_2_jpg.rf.b6c3617737d77e8fb466d814e2d7d4b2.jpg,YOLOv11,0.5,1,1,1,0,0,0,True,True,dataset_root,1.0,1.0,1.0,1.0
AM_wet_CI04_20211021_111419_90_2_jpg.rf.b6c3617737d77e8fb466d814e2d7d4b2.jpg,YOLOv12n,0.5,1,1,1,0,0,0,True,True,dataset_root,1.0,1.0,1.0,1.0
AM_wet_CI04_20211021_111419_90_2_jpg.rf.b6c3617737d77e8fb466d814e2d7d4b2.jpg,YOLOv8-FPN,0.5,1,1,1,0,0,0,True,True,dataset_root,1.0,1.0,1.0,1.0
AM_wet_CI04_20211021_111419_90_2_jpg.rf.b6c3617737d77e8fb466d814e2d7d4b2.jpg,YOLOv8n,0.7,1,1,1,0,0,0,True,True,dataset_root,1.0,1.0,1.0,1.0
AM_wet_CI04_20211021_111419_90_2_jpg.rf.b6c3617737d77e8fb466d814e2d7d4b2.jpg,YOLOv9c,0.7,1,1,1,0,0,0,True,True,dataset_root,1.0,1.0,1.0,1.0
AM_wet_CI04_20211021_111419_90_2_jpg.rf.b6c3617737d77e8fb466d814e2d7d4b2.jpg,YOLOv11,0.7,1,1,1,0,0,0,True,True,dataset_root,1.0,1.0,1.0,1.0
AM_wet_CI04_20211021_111419_90_2_jpg.rf.b6c3617737d77e8fb466d814e2d7d4b2.jpg,YOLOv12n,0.7,1,1,1,0,0,0,True,True,dataset_root,1.0,1.0,1.0,1.0
AM_wet_CI04_20211021_111419_90_2_jpg.rf.b6c3617737d77e8fb466d814e2d7d4b2.jpg,YOLOv8-FPN,0.7,1,0,0,0,1,0,True,False,dataset_root,0.0,0.0,0.0,0.0
0277_jpg.rf.6f5ea947136c2746013df380fdab98ec.jpg,YOLOv8n,0.25,1,1,1,0,0,0,True,True,dataset_root,1.0,1.0,1.0,1.0
0277_jpg.rf.6f5ea947136c2746013df380fdab98ec.jpg,YOLOv9c,0.25,1,1,1,0,0,0,True,True,dataset_root,1.0,1.0,1.0,1.0
0277_jpg.rf.6f5ea947136c2746013df380fdab98ec.jpg,YOLOv11,0.25,1,2,1,1,0,0,True,True,dataset_root,0.5,0.5,1.0,0.6666666666666666
0277_jpg.rf.6f5ea947136c2746013df380fdab98ec.jpg,YOLOv12n,0.25,1,2,1,1,0,0,True,True,dataset_root,0.5,0.5,1.0,0.6666666666666666
0277_jpg.rf.6f5ea947136c2746013df380fdab98ec.jpg,YOLOv8-FPN,0.25,1,1,1,0,0,0,True,True,dataset_root,1.0,1.0,1.0,1.0
0277_jpg.rf.6f5ea947136c2746013df380fdab98ec.jpg,YOLOv8n,0.5,1,1,1,0,0,0,True,True,dataset_root,1.0,1.0,1.0,1.0
0277_jpg.rf.6f5ea947136c2746013df380fdab98ec.jpg,YOLOv9c,0.5,1,1,1,0,0,0,True,True,dataset_root,1.0,1.0,1.0,1.0
0277_jpg.rf.6f5ea947136c2746013df380fdab98ec.jpg,YOLOv11,0.5,1,1,1,0,0,0,True,True,dataset_root,1.0,1.0,1.0,1.0
0277_jpg.rf.6f5ea947136c2746013df380fdab98ec.jpg,YOLOv12n,0.5,1,0,0,0,1,0,True,False,dataset_root,0.0,0.0,0.0,0.0
0277_jpg.rf.6f5ea947136c2746013df380fdab98ec.jpg,YOLOv8-FPN,0.5,1,0,0,0,1,0,True,False,dataset_root,0.0,0.0,0.0,0.0
0277_jpg.rf.6f5ea947136c2746013df380fdab98ec.jpg,YOLOv8n,0.7,1,0,0,0,1,0,True,False,dataset_root,0.0,0.0,0.0,0.0
0277_jpg.rf.6f5ea947136c2746013df380fdab98ec.jpg,YOLOv9c,0.7,1,0,0,0,1,0,True,False,dataset_root,0.0,0.0,0.0,0.0
0277_jpg.rf.6f5ea947136c2746013df380fdab98ec.jpg,YOLOv11,0.7,1,0,0,0,1,0,True,False,dataset_root,0.0,0.0,0.0,0.0
0277_jpg.rf.6f5ea947136c2746013df380fdab98ec.jpg,YOLOv12n,0.7,1,0,0,0,1,0,True,False,dataset_root,0.0,0.0,0.0,0.0
0277_jpg.rf.6f5ea947136c2746013df380fdab98ec.jpg,YOLOv8-FPN,0.7,1,0,0,0,1,0,True,False,dataset_root,0.0,0.0,0.0,0.0
